INVENTORY_ID,PRODUCT_ID,WAREHOUSE_ID,QUANTITY_ON_HAND,QUANTITY_RESERVED,REORDER_POINT,REORDER_QUANTITY,LAST_RESTOCK_DATE,UNIT_COST
INV-80DD249CAF7,PRD-4BB85BA7F92,WH-0001,540,60,217,145,2026-04-26,187.21
INV-AF17D461638,PRD-FACF92948F7,WH-0009,3920,101,101,556,2026-06-05,183.58
INV-F6BA19ED288,PRD-087F13DA875,WH-0001,655,195,292,1369,2026-06-29,362.88
INV-2EA96B2C6F8,PRD-087F13DA875,WH-0002,4560,27,498,536,2026-07-07,411.58
INV-3A2A148FBD5,PRD-2B09D1BF653,WH-0018,2891,115,64,1074,2026-05-31,180.77
INV-FCAB4808065,PRD-2B09D1BF653,WH-0004,1225,175,12,1895,2026-05-13,380.83
INV-BDAB419A0F6,PRD-2B09D1BF653,WH-0001,1397,10,316,192,2026-04-20,270.69
INV-486ACD4C575,PRD-FBB09318A94,WH-0016,796,70,245,1330,2026-04-24,67.66
INV-E99BE45574D,PRD-FBB09318A94,WH-0013,933,155,347,1160,2026-06-21,438.72
INV-9E68B9B8DF7,PRD-8C822196A35,WH-0009,2592,191,230,579,2026-05-31,443.19
INV-54C01F5C49A,PRD-8C822196A35,WH-0018,4944,77,441,1708,2026-06-24,428.05
INV-12D4B7E7111,PRD-8C822196A35,WH-0002,4092,134,27,551,2026-07-13,57.43
INV-9682766E9E5,PRD-F2AF0B736CA,WH-0018,2929,69,313,162,2026-04-24,362.76
INV-51149C175ED,PRD-F2AF0B736CA,WH-0006,2652,22,45,1694,2026-04-26,329.42
INV-F7B7A6870D3,PRD-380185EE745,WH-0016,2614,131,483,1812,2026-04-26,494.73
INV-AA31A530677,PRD-380185EE745,WH-0001,1170,38,273,448,2026-05-01,70.64
INV-ADB0203401F,PRD-380185EE745,WH-0002,588,137,41,1436,2026-04-21,327.5
INV-79760242FB4,PRD-380185EE745,WH-0011,4601,159,278,1478,2026-06-17,260.5
INV-C0C90C6B996,PRD-B2E746CDFD2,WH-0003,1742,137,424,923,2026-04-19,221.57
INV-A51C292DD0B,PRD-B2E746CDFD2,WH-0009,3922,196,435,914,2026-06-17,210.54
INV-82B02C91F15,PRD-B2E746CDFD2,WH-0005,1336,52,345,196,2026-05-29,421.36
INV-A92268EFC46,PRD-B2E746CDFD2,WH-0015,1856,186,70,861,2026-06-27,261.62
INV-687F88BF162,PRD-457A3CF38CF,WH-0006,2501,120,174,1319,2026-04-28,294.97
INV-00FC6754955,PRD-457A3CF38CF,WH-0013,3090,146,489,916,2026-06-11,172.32
INV-1A92F1208E9,PRD-457A3CF38CF,WH-0014,2932,160,52,629,2026-05-15,109.69
INV-C7418B46E7F,PRD-457A3CF38CF,WH-0020,4833,83,362,882,2026-07-05,71.93
INV-C39AB30562D,PRD-5C08F6E4D42,WH-0002,4123,36,148,1401,2026-05-19,153.05
INV-2E0E672BA3A,PRD-5C08F6E4D42,WH-0016,3875,60,41,908,2026-05-03,307.52
INV-0D4F21E025F,PRD-FA228073006,WH-0014,2930,170,74,1892,2026-06-17,232.03
INV-27AEA1223FB,PRD-FA228073006,WH-0010,3743,108,232,1631,2026-06-23,386.24
INV-659C253C08F,PRD-001CBAFD4CC,WH-0007,1704,36,483,504,2026-06-21,496.71
INV-EABE0B0B7F6,PRD-001CBAFD4CC,WH-0004,296,129,344,1205,2026-05-29,374.81
INV-2F60314CB3B,PRD-001CBAFD4CC,WH-0008,3642,77,460,1285,2026-05-22,313.64
INV-B556289E140,PRD-001CBAFD4CC,WH-0015,4751,41,240,1981,2026-06-04,130.9
INV-FC46E40247D,PRD-E608EAF65AA,WH-0010,4614,169,310,873,2026-05-27,90.72
INV-122247CCF3B,PRD-1A3FB82303A,WH-0003,2451,139,248,1385,2026-05-05,89.19
INV-68AB6B7757E,PRD-1A3FB82303A,WH-0001,3348,172,479,1521,2026-07-02,499.26
INV-09DBEBE1C3B,PRD-1A3FB82303A,WH-0004,4497,197,484,1900,2026-06-04,21.61
INV-E04F0062BCD,PRD-88C6CAE7E95,WH-0017,2016,68,467,970,2026-05-29,304.19
INV-265B7A5249C,PRD-88C6CAE7E95,WH-0006,3635,70,225,1250,2026-05-10,90.19
INV-DE35F79E8B5,PRD-88C6CAE7E95,WH-0015,4052,7,417,536,2026-04-25,312.86
INV-51B1FC316CC,PRD-88C6CAE7E95,WH-0013,3023,151,409,508,2026-05-05,430.15
INV-55918FCD43D,PRD-BA8D1647DED,WH-0015,3879,180,423,1511,2026-06-23,7.04
INV-8C4B4EF8CE7,PRD-BA8D1647DED,WH-0020,1258,127,109,1698,2026-06-03,357.37
INV-10A43AFEE9F,PRD-BA8D1647DED,WH-0013,3255,41,204,178,2026-05-01,354.49
INV-F153FAC305F,PRD-BA8D1647DED,WH-0011,1837,196,171,891,2026-06-22,189.78
INV-EBCC04E6DBE,PRD-FF6AD0A875A,WH-0017,2688,75,451,399,2026-06-01,52.9
INV-6209A998D4E,PRD-FF6AD0A875A,WH-0004,468,50,439,1242,2026-04-23,358.37
INV-FEF707F3508,PRD-FF6AD0A875A,WH-0005,4470,12,388,1136,2026-06-24,320.28
INV-888C624B48C,PRD-79127EDC2CE,WH-0020,4966,72,357,1352,2026-06-14,47.23
INV-128361CBBC7,PRD-79127EDC2CE,WH-0003,3437,170,428,473,2026-06-17,343.95
INV-B39CD3700C4,PRD-EE6D1075D79,WH-0009,409,49,430,1656,2026-07-13,107.28
INV-87980853B16,PRD-A10258F52CA,WH-0009,2521,110,222,1677,2026-05-29,477.56
INV-63F23010C5F,PRD-A10258F52CA,WH-0007,4364,128,370,205,2026-07-07,278.42
INV-1C95E39DD41,PRD-A10258F52CA,WH-0018,1703,59,14,418,2026-05-14,65.87
INV-018CD46EB31,PRD-A10258F52CA,WH-0002,2535,170,207,1195,2026-05-05,258.66
INV-DC66738B380,PRD-2886AAD7623,WH-0010,4627,136,368,822,2026-05-11,487.25
INV-43FC82D47C1,PRD-D4E90F8C270,WH-0007,602,8,18,1331,2026-06-24,122.23
INV-D7E6C8D707F,PRD-D4E90F8C270,WH-0010,1228,75,90,989,2026-04-24,257.82
INV-99F39C080B8,PRD-D4E90F8C270,WH-0005,791,146,154,1738,2026-06-19,366.81
INV-7C9A43C9036,PRD-61AB4A475B4,WH-0001,1857,126,355,871,2026-07-09,17.62
INV-54855245C95,PRD-61AB4A475B4,WH-0015,3016,78,79,1412,2026-05-12,479.43
INV-C1E58514E03,PRD-61AB4A475B4,WH-0016,2259,110,443,1227,2026-06-10,77.9
INV-3C43547AC14,PRD-CB7439C311F,WH-0020,628,135,327,1168,2026-04-27,261.19
INV-D101AFE4649,PRD-5E5437C28A1,WH-0010,1259,41,321,721,2026-06-26,252.32
INV-1F050778D75,PRD-5E5437C28A1,WH-0007,4949,183,370,782,2026-07-11,314.46
INV-3BBC5A92374,PRD-AB49DA50E86,WH-0010,3817,199,47,98,2026-04-15,359.15
INV-901997B040D,PRD-5AD8B33EB62,WH-0007,825,149,96,1686,2026-07-12,140.75
INV-3B64C9D2B61,PRD-5AD8B33EB62,WH-0009,3440,31,448,1462,2026-06-01,121.71
INV-4A9CEF202E6,PRD-2C667D9ADB7,WH-0020,944,31,326,1533,2026-05-02,149.83
INV-F780C2CA32A,PRD-2C667D9ADB7,WH-0017,4239,64,180,876,2026-05-17,337.13
INV-5263D6A4C89,PRD-2C667D9ADB7,WH-0014,1406,62,337,438,2026-04-17,435.48
INV-676A6884735,PRD-2C667D9ADB7,WH-0001,341,194,71,1481,2026-04-17,232.13
INV-0F8465D34FC,PRD-6090F2A2DE7,WH-0008,1381,143,412,685,2026-06-06,111.0
INV-683B65F2638,PRD-6090F2A2DE7,WH-0012,2668,112,470,1883,2026-06-29,200.8
INV-0A4CFF116AB,PRD-6090F2A2DE7,WH-0015,4945,19,278,1212,2026-04-18,258.21
INV-6A4A238872C,PRD-87DB34FE250,WH-0009,2758,70,422,568,2026-06-18,242.43
INV-EEDB9720414,PRD-87DB34FE250,WH-0016,1106,112,22,1222,2026-06-10,4.18
INV-9830959EF98,PRD-87DB34FE250,WH-0018,3640,199,93,356,2026-04-20,280.8
INV-E5760ADDAB1,PRD-87DB34FE250,WH-0017,73,14,244,1434,2026-07-13,234.18
INV-0D7D8A324C8,PRD-0D4405C11F7,WH-0006,4188,144,29,1674,2026-05-27,371.93
INV-F821DAAAE09,PRD-0D4405C11F7,WH-0005,3459,64,296,1452,2026-04-17,398.97
INV-337FED0545E,PRD-3A02E8C8B8C,WH-0005,2051,39,158,660,2026-07-05,305.92
INV-5954E10B047,PRD-3A02E8C8B8C,WH-0012,649,56,338,1106,2026-05-07,226.88
INV-FDC26CF7452,PRD-3A02E8C8B8C,WH-0010,3734,179,413,1226,2026-06-19,57.37
INV-9FF58775604,PRD-3A02E8C8B8C,WH-0008,3693,114,89,1070,2026-07-12,165.93
INV-6CB4E159803,PRD-BDE888DA430,WH-0009,3282,188,483,757,2026-04-19,75.61
INV-1DD47926374,PRD-BDE888DA430,WH-0015,3150,198,311,905,2026-06-04,213.34
INV-62D05C99D01,PRD-A4EB83E33A5,WH-0001,3648,80,320,58,2026-07-02,439.94
INV-FF8AF44FF6C,PRD-A4EB83E33A5,WH-0004,4069,126,469,455,2026-06-10,428.45
INV-06D66D54DC9,PRD-A4EB83E33A5,WH-0003,3655,5,292,1030,2026-06-25,253.0
INV-303BC765C1F,PRD-A4EB83E33A5,WH-0018,3057,64,57,893,2026-07-04,26.63
INV-20A88FAD942,PRD-6435B665543,WH-0019,4348,175,50,1703,2026-06-08,303.85
INV-C7B3D71A6BA,PRD-6435B665543,WH-0012,4926,198,306,596,2026-05-02,61.56
INV-5B6FFE143EC,PRD-6435B665543,WH-0007,1357,156,242,687,2026-05-31,391.49
INV-30B3CA03CBE,PRD-0A33890F86F,WH-0015,1095,102,174,1194,2026-04-17,492.07
INV-9500F3241DB,PRD-6542C329DF7,WH-0018,1908,143,494,284,2026-05-06,420.3
INV-489CB570A0F,PRD-6542C329DF7,WH-0016,748,118,176,1106,2026-06-02,84.81
INV-01307EDE73C,PRD-6542C329DF7,WH-0008,3983,198,284,370,2026-06-08,253.6
INV-B3304F37059,PRD-B1256CB426C,WH-0009,1205,151,43,1136,2026-07-03,269.7
INV-9B94A04D6E3,PRD-A67AE1E76D3,WH-0011,655,150,29,113,2026-04-28,10.07
INV-6D87CBFD815,PRD-5BCE01C3F6D,WH-0015,1706,171,369,1597,2026-05-29,391.24
INV-0D6F48EE802,PRD-5BCE01C3F6D,WH-0010,328,36,81,845,2026-05-13,475.9
INV-04FC58DCD97,PRD-5BCE01C3F6D,WH-0005,549,22,54,1041,2026-07-10,479.44
INV-F1FDCDDCDC1,PRD-BEEC04CCDE8,WH-0017,4604,141,66,888,2026-07-05,471.36
INV-FBAF002A47F,PRD-23EC41FE2CF,WH-0006,824,97,327,1683,2026-06-29,364.77
INV-9EDC6CE974D,PRD-23EC41FE2CF,WH-0001,632,135,222,1014,2026-04-19,50.38
INV-6BF1797E229,PRD-23EC41FE2CF,WH-0010,4088,61,297,397,2026-05-19,159.6
INV-3AFF019973E,PRD-7B34702E827,WH-0015,4293,19,309,112,2026-04-28,499.05
INV-319DAA991D5,PRD-7B34702E827,WH-0017,986,173,188,1078,2026-07-12,156.02
INV-8C0EEFFDD22,PRD-A7FA87B76DC,WH-0006,3663,174,36,115,2026-06-05,341.54
INV-D1AA0123820,PRD-A7FA87B76DC,WH-0016,2724,195,157,1221,2026-04-27,343.07
INV-7D642A92DDE,PRD-56BDF6095C0,WH-0018,4576,102,176,107,2026-04-19,414.53
INV-7286C491270,PRD-56BDF6095C0,WH-0017,2218,159,274,208,2026-05-31,296.76
INV-4EB55735427,PRD-56BDF6095C0,WH-0008,1536,10,484,1988,2026-06-02,152.24
INV-A3213F95780,PRD-BDFE6130627,WH-0008,3551,103,78,785,2026-07-02,194.35
INV-95228026F37,PRD-BDFE6130627,WH-0004,4007,117,435,1317,2026-05-27,361.08
INV-FD7F265F96C,PRD-BDFE6130627,WH-0019,2226,179,483,1807,2026-06-19,471.51
INV-5A38AEC8C00,PRD-A1B9270B8F6,WH-0004,3903,86,338,678,2026-05-11,165.37
INV-424D38A8A82,PRD-A1B9270B8F6,WH-0005,740,30,424,1221,2026-05-27,254.99
INV-FAD91AF5C3D,PRD-A1B9270B8F6,WH-0002,1524,18,162,1259,2026-05-10,407.75
INV-CD30DE2BC35,PRD-A1B9270B8F6,WH-0008,670,126,245,322,2026-04-28,407.15
INV-D7BDCF417B1,PRD-F82C5D9DDF0,WH-0009,3485,151,206,852,2026-05-04,105.8
INV-BC205ABA25B,PRD-F82C5D9DDF0,WH-0001,947,189,108,1506,2026-05-11,437.39
INV-57C0FC04D9E,PRD-1F3E8B85C3E,WH-0005,2900,128,453,1909,2026-05-29,84.04
INV-6D18E0580A7,PRD-1F3E8B85C3E,WH-0009,4388,175,145,571,2026-05-30,79.18
INV-445A06547AD,PRD-1F3E8B85C3E,WH-0006,1451,145,342,1179,2026-06-22,92.0
INV-16220E0B51A,PRD-1F3E8B85C3E,WH-0017,4566,149,475,1699,2026-06-08,345.49
INV-4154DE8D0C9,PRD-4689D5956AC,WH-0008,2309,139,147,1515,2026-05-13,270.22
INV-CCD08C277F3,PRD-2F79FA4B460,WH-0020,3256,31,80,1368,2026-06-16,352.5
INV-B76B3028215,PRD-2F79FA4B460,WH-0008,1140,149,195,1049,2026-05-21,170.01
INV-D1648BDCC51,PRD-2F79FA4B460,WH-0015,4722,85,415,1902,2026-06-04,170.88
INV-4A8EBBDC0BC,PRD-DC207D6B275,WH-0019,1800,148,24,810,2026-06-03,14.59
INV-6E156ECDD98,PRD-37C17ED8738,WH-0015,802,20,481,1667,2026-05-08,308.02
INV-F5D051E6532,PRD-3B1AC728991,WH-0005,3961,99,280,230,2026-07-02,118.29
INV-51E8191F9FB,PRD-3B1AC728991,WH-0009,4391,126,189,981,2026-05-01,151.99
INV-B836F579E11,PRD-3B1AC728991,WH-0006,4835,88,425,886,2026-05-04,383.68
INV-CE1D810585F,PRD-3B1AC728991,WH-0011,3443,146,94,1864,2026-06-08,420.21
INV-37EB7C40DA9,PRD-C4D3CE30CFD,WH-0020,2406,45,173,1836,2026-06-01,8.48
INV-498987FE212,PRD-6FC12EC9866,WH-0018,514,77,291,822,2026-04-27,51.09
INV-9659781E1FD,PRD-6FC12EC9866,WH-0005,2371,110,132,320,2026-05-08,350.11
INV-38CDD0EAD11,PRD-6FC12EC9866,WH-0006,3197,7,428,645,2026-05-04,345.08
INV-244AEA140B3,PRD-CF133053C3F,WH-0018,4713,157,180,859,2026-06-03,404.74
INV-B94D54B80B7,PRD-DE91B1DA69C,WH-0015,2119,27,420,1394,2026-06-06,226.45
INV-8FAFE12F446,PRD-DE91B1DA69C,WH-0010,4882,186,20,717,2026-05-12,357.23
INV-296CC90427F,PRD-DE91B1DA69C,WH-0019,2161,189,362,1929,2026-06-23,45.79
INV-8F35D62F9F4,PRD-DE91B1DA69C,WH-0017,3055,144,396,1562,2026-06-17,83.29
INV-C5D8A47E52C,PRD-1A8E74B72C4,WH-0016,1668,133,155,1505,2026-06-03,415.6
INV-3F842D1B88B,PRD-1A8E74B72C4,WH-0010,3449,188,395,1267,2026-06-08,251.21
INV-6FA0EF5B9B6,PRD-AFF54A37F75,WH-0009,95,93,158,1850,2026-04-16,320.88
INV-DC12788CA00,PRD-AFF54A37F75,WH-0001,4036,130,188,1011,2026-07-10,405.74
INV-2A1556E4BE2,PRD-AFF54A37F75,WH-0004,3702,97,318,681,2026-04-22,161.77
INV-629402CFC8E,PRD-AE90B8EE536,WH-0002,2631,36,135,620,2026-05-12,42.2
INV-469C2844D0C,PRD-AE90B8EE536,WH-0007,2642,171,385,1151,2026-07-02,495.31
INV-30D7432987B,PRD-AE90B8EE536,WH-0014,4265,50,423,1383,2026-04-15,3.41
INV-557BEB5407F,PRD-AE90B8EE536,WH-0017,403,27,385,1429,2026-05-25,357.02
INV-00783F3B57B,PRD-3F35E9CEC7E,WH-0014,1819,127,208,600,2026-04-24,130.98
INV-D61F019DE95,PRD-1F3722F5274,WH-0013,4396,18,183,1971,2026-05-27,120.53
INV-60190951CF9,PRD-1F3722F5274,WH-0005,2336,80,494,1391,2026-05-06,181.52
INV-29031D96CEA,PRD-B4E55619790,WH-0018,4967,43,477,179,2026-05-12,495.88
INV-7E726B133FC,PRD-B4E55619790,WH-0013,2166,64,209,1048,2026-07-12,291.89
INV-55F69406BD0,PRD-E43CB902CA2,WH-0008,733,59,102,626,2026-05-24,83.26
INV-45CFD326FB8,PRD-84975305AB7,WH-0010,2380,53,133,1123,2026-04-25,382.8
INV-28A85A052DB,PRD-84975305AB7,WH-0008,4559,153,311,1431,2026-05-12,479.57
INV-D8F73BA1A86,PRD-84975305AB7,WH-0011,2500,188,244,463,2026-05-15,55.03
INV-148330154F4,PRD-AA6E7BA145C,WH-0001,3309,152,112,1025,2026-06-18,48.19
INV-8FA08347783,PRD-6B50D121659,WH-0007,3529,176,461,941,2026-06-05,479.51
INV-4F3ABECBE98,PRD-6B50D121659,WH-0001,3846,102,169,1654,2026-05-28,395.93
INV-BA968C49B83,PRD-6B50D121659,WH-0002,4643,144,141,1963,2026-05-12,429.7
INV-19E5161A1A6,PRD-6B50D121659,WH-0011,2946,128,292,360,2026-05-30,127.23
INV-6232FD49D49,PRD-762F924B648,WH-0009,3306,199,231,1766,2026-04-21,487.68
INV-A23F598AD4C,PRD-762F924B648,WH-0015,1927,88,147,1207,2026-05-07,416.04
INV-A290A033738,PRD-D8E84C69267,WH-0009,1600,32,62,63,2026-04-25,249.73
INV-A600D5D4E04,PRD-D8E84C69267,WH-0013,153,91,377,519,2026-05-04,185.51
INV-A7390B6FDA0,PRD-D8E84C69267,WH-0002,2603,15,368,641,2026-04-25,256.15
INV-8E6B66F9F16,PRD-3D855A9D829,WH-0019,2350,76,429,151,2026-05-23,372.05
INV-135BED02DED,PRD-3D855A9D829,WH-0017,3851,61,204,1260,2026-05-29,220.56
INV-FD4558A222C,PRD-B8292B08D69,WH-0001,324,122,202,942,2026-05-31,373.31
INV-E1467D8393D,PRD-8D3941DD622,WH-0003,2424,140,480,1990,2026-05-30,349.12
INV-65C56F2E944,PRD-8D3941DD622,WH-0009,1703,110,141,1961,2026-06-29,30.12
INV-8922BA3671F,PRD-8D3941DD622,WH-0013,2458,81,452,368,2026-05-03,405.72
INV-610B671B0DE,PRD-8D3941DD622,WH-0006,65,18,275,690,2026-05-10,47.7
INV-18CAC5FD032,PRD-C9019561A1A,WH-0018,2166,39,127,1751,2026-04-28,214.49
INV-D654C10FFE4,PRD-C9019561A1A,WH-0007,4830,132,409,441,2026-04-22,469.86
INV-427889D817F,PRD-C9019561A1A,WH-0012,8,0,119,1183,2026-07-01,6.41
INV-2BBB25BEFC8,PRD-5C2780CF955,WH-0011,4913,108,174,1652,2026-06-29,207.43
INV-4CD0D5A684B,PRD-5C2780CF955,WH-0010,688,26,176,402,2026-07-10,469.67
INV-30BBB2FBE74,PRD-5C2780CF955,WH-0015,1558,153,24,1452,2026-06-28,212.28
INV-13DC861E595,PRD-EF5BDF75508,WH-0014,1683,94,124,1016,2026-05-08,276.64
INV-D60684694DA,PRD-EF5BDF75508,WH-0009,4091,177,121,1530,2026-04-28,338.95
INV-C2CD1000F9A,PRD-59D9796A757,WH-0003,1233,166,188,755,2026-07-02,408.54
INV-BE0926F5C4E,PRD-422A35B04D9,WH-0001,1226,129,381,1404,2026-04-23,83.62
INV-6FE0DC5F4E1,PRD-422A35B04D9,WH-0002,3029,190,92,421,2026-07-13,190.55
INV-02CAA128CF8,PRD-422A35B04D9,WH-0015,4054,45,186,1737,2026-04-21,99.32
INV-D8321ABD825,PRD-422A35B04D9,WH-0006,4420,49,361,1675,2026-06-23,240.61
INV-E4984FDCB46,PRD-26AA49B549E,WH-0013,1656,129,73,745,2026-06-28,189.21
INV-CE39A784DD0,PRD-26AA49B549E,WH-0010,3853,22,384,1901,2026-05-17,342.01
INV-8AA60CCBF01,PRD-26AA49B549E,WH-0007,1904,10,189,1027,2026-06-22,480.51
INV-AAB1C47073A,PRD-28325CED6FA,WH-0014,4397,157,145,688,2026-05-21,198.67
INV-4EDD1760605,PRD-28325CED6FA,WH-0017,1241,58,437,107,2026-05-08,184.43
INV-076672CF51E,PRD-28325CED6FA,WH-0013,2047,51,458,951,2026-04-25,379.8
INV-BDE4084C179,PRD-424D0750CAD,WH-0006,622,23,251,457,2026-06-18,468.07
INV-E47146F80C8,PRD-424D0750CAD,WH-0003,4163,146,128,1007,2026-05-27,344.95
INV-C2F1057A1A3,PRD-424D0750CAD,WH-0012,1006,121,90,1387,2026-05-06,276.85
INV-EC29EFF9768,PRD-424D0750CAD,WH-0016,182,147,341,1263,2026-05-17,324.36
INV-25E11A15672,PRD-0A818690911,WH-0012,282,30,118,315,2026-05-09,206.71
INV-75D17E39EC3,PRD-0A818690911,WH-0017,4112,6,446,1990,2026-06-18,20.58
INV-12D6EF0332D,PRD-0A818690911,WH-0003,4434,85,89,556,2026-06-02,366.4
INV-17A855277C1,PRD-0A818690911,WH-0002,542,143,76,422,2026-05-26,182.97
INV-9FEC581EF89,PRD-D8D4C9FF4E8,WH-0012,2267,162,461,735,2026-06-10,358.32
INV-C9879FF632D,PRD-13D195F64BD,WH-0007,4257,77,117,251,2026-06-01,275.08
INV-195B8BEC52A,PRD-BA4920DBB91,WH-0018,3980,146,327,1956,2026-06-21,96.02
INV-751A51775C3,PRD-F6D16B76089,WH-0013,3997,114,297,1411,2026-06-03,488.81
INV-F08BCEDEB2D,PRD-F6D16B76089,WH-0017,4756,1,267,1367,2026-06-02,391.28
INV-D8E5CC490AE,PRD-D2C377953CC,WH-0003,849,2,69,1957,2026-06-11,264.31
INV-4098E6E197A,PRD-D2C377953CC,WH-0013,4812,87,220,1872,2026-06-08,66.87
INV-86DAD4D0CCB,PRD-D2C377953CC,WH-0012,3232,102,126,656,2026-06-10,78.39
INV-71EE68756F9,PRD-D2C377953CC,WH-0015,285,17,378,449,2026-04-18,22.43
INV-4DE82C20790,PRD-280381BA4B7,WH-0012,3927,139,166,1379,2026-07-01,78.39
INV-162AA9D1384,PRD-280381BA4B7,WH-0002,4824,42,212,920,2026-05-26,316.08
INV-D0CD9A81831,PRD-817A0479F64,WH-0006,306,139,263,982,2026-06-01,159.05
INV-1569EAA9A25,PRD-BB25D380417,WH-0020,2220,148,497,1340,2026-05-24,372.6
INV-8B6C9DF5040,PRD-BB25D380417,WH-0005,2043,100,38,1922,2026-06-17,457.54
INV-0FB32CC5E4D,PRD-BB25D380417,WH-0011,4466,62,82,1489,2026-04-27,401.95
INV-44E8C2BD34A,PRD-BB25D380417,WH-0010,3022,198,350,1167,2026-07-13,258.73
INV-BEEAFF47E29,PRD-2ABD6876691,WH-0012,724,181,331,1590,2026-06-27,23.67
INV-0C9DDC7B58F,PRD-2C9923DC4DA,WH-0018,2062,118,460,1392,2026-05-23,178.02
INV-8C4FF4EE32F,PRD-2C9923DC4DA,WH-0002,1737,16,53,817,2026-06-30,267.87
INV-96B8DECADE7,PRD-2C9923DC4DA,WH-0017,30,11,451,1745,2026-05-26,252.7
INV-750ACC3E3B5,PRD-2C9923DC4DA,WH-0004,1355,173,147,1003,2026-06-28,49.35
INV-351B04A4E71,PRD-000553CEBB8,WH-0002,1701,170,493,855,2026-05-07,16.63
INV-2F8633DA517,PRD-000553CEBB8,WH-0009,1508,141,262,1041,2026-04-18,175.64
INV-045A39D7FB0,PRD-000553CEBB8,WH-0003,3453,80,168,499,2026-05-06,375.97
INV-893E35FF84F,PRD-1257CA4F742,WH-0020,1294,92,102,1214,2026-04-15,342.4
INV-FA7A7012B6C,PRD-1257CA4F742,WH-0004,600,130,140,207,2026-07-07,203.12
INV-667FD56BEC1,PRD-1442C9427F0,WH-0003,1121,85,396,1565,2026-07-06,392.42
INV-7B463BA47B6,PRD-BDC17163C31,WH-0007,1181,153,129,1372,2026-06-24,74.6
INV-7629105AD7A,PRD-05075130A37,WH-0004,2013,82,193,1968,2026-06-30,308.0
INV-4E631D48929,PRD-05075130A37,WH-0008,4162,33,157,1086,2026-06-23,411.1
INV-DE3631660EF,PRD-BACA20FD0C5,WH-0013,2597,200,319,604,2026-05-06,313.52
INV-B87411EAAE4,PRD-BACA20FD0C5,WH-0018,4863,132,224,395,2026-07-01,168.97
INV-4191D969BA3,PRD-BACA20FD0C5,WH-0006,1932,192,243,1676,2026-04-19,19.74
INV-11C416D500A,PRD-E2D2A043CDD,WH-0017,4702,80,44,468,2026-06-03,434.99
INV-FCEEA3AE5B7,PRD-E2D2A043CDD,WH-0003,1244,189,387,1792,2026-06-15,205.6
INV-A6D48793E22,PRD-E2D2A043CDD,WH-0016,1542,11,471,1583,2026-06-22,497.29
INV-D19C300CDCA,PRD-E2D2A043CDD,WH-0011,4687,91,410,1598,2026-06-14,333.55
INV-04E148F0212,PRD-BE55C261E3C,WH-0012,4279,171,25,248,2026-06-23,98.06
INV-B8FB2700439,PRD-BE55C261E3C,WH-0018,1992,59,12,160,2026-06-22,22.47
INV-0EC9CCEC0D8,PRD-F7396F38BF2,WH-0009,4860,90,147,1774,2026-05-23,403.6
INV-B9EB8CDFF2F,PRD-F7396F38BF2,WH-0010,1771,136,261,984,2026-06-10,254.44
INV-7DF4AE249A3,PRD-F7396F38BF2,WH-0020,2361,94,464,684,2026-06-16,234.6
INV-3D056D09F4F,PRD-F7396F38BF2,WH-0014,2446,78,411,1610,2026-05-12,407.09
INV-19F414E91FE,PRD-1BA5A5221EF,WH-0008,2198,76,458,1786,2026-07-11,389.18
INV-E91746DDC24,PRD-8553B081F45,WH-0019,2754,158,11,1978,2026-04-23,107.28
INV-1E788D783DE,PRD-2EEF9BF8281,WH-0012,4417,47,379,1757,2026-06-26,386.38
INV-BE8C5198EB9,PRD-2EEF9BF8281,WH-0017,3473,36,441,1151,2026-06-18,90.05
INV-86E21E92553,PRD-2EEF9BF8281,WH-0013,1513,118,308,1538,2026-07-05,264.61
INV-15C51A74387,PRD-D9E1C957686,WH-0008,1794,17,356,1665,2026-06-23,488.2
INV-07E1BF77BA8,PRD-A43CCBA5674,WH-0008,4334,166,229,1007,2026-04-25,112.72
INV-3D1BBA106BB,PRD-A43CCBA5674,WH-0019,1487,150,206,784,2026-07-11,108.5
INV-B4F5EAD6A4A,PRD-16D4DDE81B5,WH-0019,3623,197,403,1303,2026-04-21,47.68
INV-909E74BF5F6,PRD-16D4DDE81B5,WH-0007,196,67,460,469,2026-05-11,29.71
INV-0EE67E951B5,PRD-16D4DDE81B5,WH-0010,3810,148,200,1937,2026-06-06,152.8
INV-5FE56776BF0,PRD-9E7E9E2E70E,WH-0020,3752,180,292,1159,2026-05-19,70.16
INV-5442C904DA1,PRD-9E7E9E2E70E,WH-0004,474,76,239,1492,2026-05-26,236.85
INV-7A1799C9065,PRD-42FC9C094D7,WH-0011,3115,78,348,1047,2026-06-22,208.21
INV-E82E4B5B9DC,PRD-42FC9C094D7,WH-0003,2164,172,130,111,2026-05-10,448.01
INV-6731C3B48E5,PRD-C5B9F023453,WH-0002,3588,123,153,1854,2026-06-05,141.99
INV-7E62132BA51,PRD-C5B9F023453,WH-0008,2024,146,273,1799,2026-05-03,125.64
INV-375D5731054,PRD-C5B9F023453,WH-0012,220,49,472,582,2026-05-08,499.05
INV-79D1E811E26,PRD-C5B9F023453,WH-0009,3901,159,416,1943,2026-06-07,486.23
INV-C78721D3856,PRD-A7F1BF576C3,WH-0007,3567,102,415,535,2026-05-10,56.04
INV-2498853F66A,PRD-29764667C61,WH-0008,4161,75,145,1758,2026-05-13,118.5
INV-70C5C5D9D42,PRD-29764667C61,WH-0020,4054,130,153,1510,2026-05-17,440.7
INV-7112A1F2E9B,PRD-29764667C61,WH-0018,614,152,331,1447,2026-06-20,184.06
INV-2F7F0C1C2E0,PRD-4F1A63AA25C,WH-0006,3081,55,341,1078,2026-05-01,311.28
INV-CDA6B8B6672,PRD-4F1A63AA25C,WH-0020,2019,115,282,1660,2026-06-02,59.13
INV-88B82010DBD,PRD-4F1A63AA25C,WH-0018,4849,156,150,413,2026-05-31,38.03
INV-6FFF58A16F7,PRD-7C078021146,WH-0009,4798,35,152,630,2026-07-11,22.5
INV-19788ADA672,PRD-7C078021146,WH-0014,285,152,157,820,2026-07-10,7.34
INV-A69F6FC2B71,PRD-CDDF4B79E7F,WH-0019,3255,35,28,1820,2026-06-22,473.98
INV-58E9400BF9D,PRD-CDDF4B79E7F,WH-0010,3245,34,398,1057,2026-05-16,79.09
INV-D1F9B8E5DD0,PRD-CDDF4B79E7F,WH-0001,494,41,61,192,2026-06-11,221.71
INV-2E8A3B70D08,PRD-C853A319B5F,WH-0011,827,79,184,243,2026-05-01,120.32
INV-8CF005C1FC3,PRD-C853A319B5F,WH-0017,418,166,478,701,2026-05-30,385.63
INV-44EC62509AD,PRD-D36467E6925,WH-0017,3243,73,483,631,2026-05-15,193.23
INV-C8088C3D486,PRD-D36467E6925,WH-0020,3356,14,145,934,2026-05-07,151.98
INV-83943882BB2,PRD-8AF07E11034,WH-0010,486,27,426,902,2026-04-15,54.43
INV-DCD4BB56612,PRD-8AF07E11034,WH-0009,4779,89,265,1712,2026-06-09,232.41
INV-42056DF2491,PRD-ECE276CAD70,WH-0001,2379,152,203,1513,2026-05-20,147.77
INV-F8B8B2F98FF,PRD-ECE276CAD70,WH-0018,1581,2,135,174,2026-04-27,109.0
INV-1F45D5C8599,PRD-ECE276CAD70,WH-0017,1768,39,482,1658,2026-04-27,348.68
INV-6D156CD503B,PRD-12EE31D2CA8,WH-0007,25,16,358,117,2026-05-31,378.81
INV-08BFD8EFBD0,PRD-12EE31D2CA8,WH-0001,2173,31,153,336,2026-07-13,6.11
INV-7617402CB8D,PRD-12EE31D2CA8,WH-0017,1736,77,281,1844,2026-04-27,120.62
INV-41FF7D5EA37,PRD-12EE31D2CA8,WH-0006,810,79,36,1572,2026-05-26,111.38
INV-756A6625B15,PRD-D5D53E21CA5,WH-0002,564,72,201,1156,2026-05-30,447.1
INV-81DB1534DB4,PRD-D5D53E21CA5,WH-0019,3222,70,22,1831,2026-04-19,46.25
INV-90ADE60651E,PRD-53C2E580827,WH-0007,2817,10,162,1216,2026-07-10,291.93
INV-AE6C0C38C54,PRD-53C2E580827,WH-0014,272,50,366,1881,2026-05-24,308.05
INV-4E921673669,PRD-53C2E580827,WH-0013,4064,87,198,553,2026-07-03,224.49
INV-3FDC5462BEB,PRD-53C2E580827,WH-0006,4017,94,335,93,2026-04-23,133.87
INV-08DCF742325,PRD-FB65E0D6C32,WH-0001,1502,35,250,899,2026-05-13,271.29
INV-6C7EE2CF016,PRD-FB65E0D6C32,WH-0014,4698,121,168,1264,2026-06-03,218.65
INV-4BB7D389AF4,PRD-024E4BB51BF,WH-0007,1079,70,300,1190,2026-06-25,259.25
INV-6525982DCDA,PRD-024E4BB51BF,WH-0010,1651,58,378,941,2026-05-12,257.22
INV-3A423998DC0,PRD-E41AABD8384,WH-0008,294,124,169,648,2026-06-09,426.52
INV-44C143EB6FA,PRD-E41AABD8384,WH-0018,4664,180,378,979,2026-07-09,60.61
INV-072A524B73C,PRD-E41AABD8384,WH-0001,3671,49,407,1789,2026-06-30,180.59
INV-93B6FBC80A7,PRD-006C3358A78,WH-0013,1737,154,210,1511,2026-05-24,162.43
INV-57984C762BD,PRD-DEA617DAF3C,WH-0018,4453,47,33,867,2026-04-20,329.29
INV-B2C90E5354F,PRD-DEA617DAF3C,WH-0003,4608,195,235,1796,2026-05-29,62.99
INV-CBC9D98B086,PRD-DEA617DAF3C,WH-0005,676,4,45,758,2026-06-22,121.73
INV-BE9F8C6C9CD,PRD-167D1AB2AE8,WH-0018,1120,34,56,262,2026-04-29,47.02
INV-46940C1AD0A,PRD-167D1AB2AE8,WH-0010,3657,49,115,452,2026-04-25,309.37
INV-E04F58FFE7C,PRD-167D1AB2AE8,WH-0012,2736,21,473,674,2026-05-24,461.34
INV-2DC4804E45D,PRD-167D1AB2AE8,WH-0007,3211,57,323,1744,2026-05-13,495.5
INV-B3778B09211,PRD-1E9B662DBF5,WH-0017,2272,165,475,1908,2026-05-30,76.1
INV-92166DD2742,PRD-E82E236A13D,WH-0005,173,5,352,1607,2026-04-21,147.93
INV-B9A99158A3A,PRD-E82E236A13D,WH-0011,1246,195,361,518,2026-06-21,128.61
INV-FCF75937313,PRD-AE1B116A2A9,WH-0016,1319,55,222,646,2026-05-01,463.36
INV-B5578DDA87C,PRD-AE1B116A2A9,WH-0005,1920,185,322,1905,2026-05-25,210.74
INV-06724F192DD,PRD-AE1B116A2A9,WH-0017,1907,72,317,1450,2026-05-01,271.26
INV-FDEE9A5272A,PRD-AE1B116A2A9,WH-0001,2255,187,482,695,2026-06-11,5.39
INV-55260361C7E,PRD-5731028897C,WH-0001,2238,113,328,251,2026-04-19,264.45
INV-71F9E0286B9,PRD-5731028897C,WH-0006,2101,44,28,1877,2026-05-16,385.28
INV-BD1FD5B6888,PRD-BC58A5A09E3,WH-0017,3701,197,208,703,2026-04-17,399.72
INV-BB8C69FE282,PRD-7C07A6C4247,WH-0003,2486,187,185,222,2026-06-15,423.01
INV-FA7EA44BBB0,PRD-7C07A6C4247,WH-0012,1341,1,200,107,2026-04-27,439.5
INV-080DD15E784,PRD-7C07A6C4247,WH-0008,4126,164,160,686,2026-04-18,157.21
INV-42404F0FA40,PRD-DC3E51BB2D8,WH-0018,4851,118,408,729,2026-06-13,492.0
INV-71D91F9BE76,PRD-DC3E51BB2D8,WH-0014,417,87,196,546,2026-06-13,418.91
INV-38911C10A23,PRD-DC3E51BB2D8,WH-0004,985,90,193,1358,2026-06-22,482.76
INV-9D3A48B91BD,PRD-DC3E51BB2D8,WH-0020,3934,75,10,1342,2026-04-23,29.05
INV-1349111DC2F,PRD-257F1C91ADC,WH-0006,1169,192,244,734,2026-07-06,288.34
INV-C0D667BD161,PRD-257F1C91ADC,WH-0016,4186,163,81,1058,2026-05-03,435.85
INV-63F48FACC22,PRD-257F1C91ADC,WH-0005,1465,119,25,1994,2026-06-02,416.09
INV-65B69DAC15D,PRD-CBACA249870,WH-0009,1653,168,35,1774,2026-05-26,219.96
INV-9CA75A2B619,PRD-CBACA249870,WH-0005,4216,50,304,1235,2026-04-22,491.49
INV-581246CE0CF,PRD-BA3D9837909,WH-0017,4117,53,313,1463,2026-06-24,455.14
INV-5BA904D67FC,PRD-BA3D9837909,WH-0005,1786,18,192,96,2026-06-07,274.42
INV-3EABBC88103,PRD-BA3D9837909,WH-0018,4264,102,207,1124,2026-06-22,370.33
INV-1F08F476C5D,PRD-0AE222D17FD,WH-0006,3754,74,352,1947,2026-05-26,2.84
INV-AFE10682963,PRD-0AE222D17FD,WH-0012,3208,181,62,522,2026-05-01,88.25
INV-E286CDA7685,PRD-0AE222D17FD,WH-0016,1923,148,354,746,2026-05-05,346.26
INV-C0B46F8E318,PRD-EBAE456EDFF,WH-0009,899,140,221,1251,2026-06-12,413.62
INV-CA0E8EF5800,PRD-EBAE456EDFF,WH-0004,1644,10,11,628,2026-07-03,369.65
INV-ABD9DAB4AD4,PRD-0B30891BE52,WH-0015,2858,54,139,669,2026-06-01,304.17
INV-376C70D46E6,PRD-0B30891BE52,WH-0002,4679,1,74,1793,2026-06-24,169.8
INV-F6B03DB0D1C,PRD-B4E1508C33A,WH-0008,4167,37,18,57,2026-04-17,402.32
INV-55162B0C55B,PRD-8C2A14B05CC,WH-0011,2652,159,265,474,2026-05-23,389.87
INV-D76CF6B67FC,PRD-8C2A14B05CC,WH-0003,3543,173,143,728,2026-05-29,166.96
INV-688160AB825,PRD-8C2A14B05CC,WH-0019,2956,137,204,1781,2026-06-07,95.05
INV-75BAF7B3218,PRD-2DB7DAC98F3,WH-0016,279,136,419,358,2026-06-25,248.18
INV-881F8376F5B,PRD-2DB7DAC98F3,WH-0004,3171,9,471,204,2026-06-26,11.58
INV-F7232707485,PRD-2DB7DAC98F3,WH-0009,387,27,212,1025,2026-04-20,151.68
INV-43AE4FD2A54,PRD-2DB7DAC98F3,WH-0014,460,107,92,1717,2026-05-26,219.83
INV-70432BD084A,PRD-C27344F409B,WH-0009,756,133,173,1416,2026-05-13,487.78
INV-BCA66CA1794,PRD-D45B97078D3,WH-0009,2999,102,103,1173,2026-05-24,75.12
INV-583C2B043F4,PRD-D45B97078D3,WH-0003,4363,158,384,128,2026-04-30,5.11
INV-120CFBD7D33,PRD-B88F5234D5E,WH-0001,1533,135,81,731,2026-04-21,495.34
INV-9C5CD8D9043,PRD-B88F5234D5E,WH-0017,4980,111,17,1007,2026-06-28,226.31
INV-76A2953DFCF,PRD-B88F5234D5E,WH-0018,769,8,89,1461,2026-06-10,43.69
INV-5849EC20518,PRD-B88F5234D5E,WH-0005,1061,44,402,121,2026-04-29,16.35
INV-1640DD724E7,PRD-0CC099D8B46,WH-0019,3352,79,256,1913,2026-05-28,359.8
INV-47E12088B4C,PRD-0CC099D8B46,WH-0002,2491,32,119,62,2026-05-30,489.76
INV-F1BE7F0A797,PRD-0CC099D8B46,WH-0015,1973,87,341,827,2026-04-19,453.48
INV-A04218BDA4F,PRD-FB766BF1E9D,WH-0006,444,155,234,293,2026-05-15,420.68
INV-DE21B5E1284,PRD-20D1B53B6F0,WH-0004,2797,68,214,990,2026-05-16,94.33
INV-F8770C14BB6,PRD-20D1B53B6F0,WH-0008,4184,183,234,1739,2026-07-09,292.57
INV-D1BECA38431,PRD-20D1B53B6F0,WH-0005,3918,2,44,664,2026-05-22,66.13
INV-6F3A60AADAD,PRD-20D1B53B6F0,WH-0007,4949,125,409,1384,2026-05-02,444.97
INV-CF6EC8DB79E,PRD-FFA4BCE6413,WH-0006,760,29,134,1564,2026-05-19,456.8
INV-3CF28AD09F3,PRD-14F6346E827,WH-0017,3552,21,326,1088,2026-06-08,268.92
INV-B0400FFCE9A,PRD-14F6346E827,WH-0004,3369,89,336,1469,2026-06-21,422.42
INV-C29F9458D95,PRD-14F6346E827,WH-0016,3817,182,308,806,2026-05-29,374.97
INV-E5EE5F60C0F,PRD-8AEB1D1A5AF,WH-0011,1569,193,234,688,2026-05-26,25.14
INV-97883387D8C,PRD-84852FE8660,WH-0012,2451,167,299,1981,2026-06-01,115.13
INV-7A7545EF142,PRD-307B15309A9,WH-0003,2553,60,450,1940,2026-04-29,380.58
INV-987F73692AB,PRD-1AC508E0955,WH-0017,451,60,243,407,2026-04-20,448.89
INV-E7D819DD253,PRD-1AC508E0955,WH-0002,3358,145,456,1380,2026-05-19,89.19
INV-EBDEA0107A7,PRD-1AC508E0955,WH-0006,2412,128,116,282,2026-05-01,208.47
INV-C97E02CF5EB,PRD-6FB252A95DC,WH-0014,963,77,179,1855,2026-07-05,434.86
INV-385FB32C78E,PRD-6FB252A95DC,WH-0017,3701,172,69,93,2026-07-02,158.12
INV-B97ABF8540F,PRD-6FB252A95DC,WH-0012,1420,115,493,1613,2026-07-12,293.48
INV-FE69B52FB12,PRD-6FB252A95DC,WH-0018,1766,178,103,1271,2026-04-22,105.52
INV-42ACC176A34,PRD-B7C0BC90071,WH-0009,1203,54,481,669,2026-05-09,367.83
INV-CB4E8784812,PRD-83E6F337451,WH-0020,647,125,22,524,2026-05-13,362.82
INV-6139CA11AC8,PRD-83E6F337451,WH-0013,2988,183,266,1311,2026-06-07,340.28
INV-BF0E1E0ED80,PRD-83E6F337451,WH-0018,15,3,498,1540,2026-05-29,176.39
INV-FDEBAFA389F,PRD-83E6F337451,WH-0010,4695,157,169,1517,2026-07-10,482.37
INV-2D235DD8DE5,PRD-2472C5350EC,WH-0017,3664,75,356,914,2026-05-17,429.67
INV-3BBA9BC5BF0,PRD-4C23614D34B,WH-0008,2782,154,68,1454,2026-06-05,257.05
INV-18A1DAFF2E7,PRD-4C23614D34B,WH-0003,2701,12,195,1822,2026-06-03,311.84
INV-D5AF3E2CE13,PRD-4C23614D34B,WH-0019,2110,51,38,1712,2026-06-18,167.69
INV-25512A78BB5,PRD-4C23614D34B,WH-0013,600,50,277,266,2026-05-11,430.05
INV-917A1B34304,PRD-C81DDC6B0BD,WH-0002,1606,10,245,534,2026-05-03,50.37
INV-B8BE2BAB95C,PRD-C81DDC6B0BD,WH-0008,930,156,167,1592,2026-06-29,154.05
INV-BAAFC92F582,PRD-C81DDC6B0BD,WH-0019,1155,0,424,1071,2026-07-07,104.18
INV-3FF6EF4732E,PRD-B276BAA8089,WH-0007,3620,188,300,1833,2026-06-15,474.76
INV-2EBACB635BF,PRD-B276BAA8089,WH-0019,2554,32,474,977,2026-05-06,331.0
INV-9A35C994B9E,PRD-B276BAA8089,WH-0020,3043,3,279,358,2026-06-18,50.33
INV-5472480FA11,PRD-DBED3F592B8,WH-0002,3543,130,480,1165,2026-06-14,434.55
INV-812952137F1,PRD-A97DD11AE67,WH-0013,2696,100,242,1588,2026-05-04,22.67
INV-9737713551F,PRD-1ECD30EA6D0,WH-0003,4980,189,320,643,2026-04-23,406.58
INV-FBAAAD6D5DB,PRD-1ECD30EA6D0,WH-0020,959,90,410,1802,2026-06-24,103.51
INV-090F93FE560,PRD-0CEC386E4AA,WH-0005,3970,118,39,908,2026-04-27,118.28
INV-BAB59A44677,PRD-0CEC386E4AA,WH-0015,3402,12,423,1306,2026-06-02,31.48
INV-3C3A9064F09,PRD-0CEC386E4AA,WH-0003,4536,161,201,1254,2026-05-26,288.9
INV-F4E65FFF7E0,PRD-0CEC386E4AA,WH-0010,1867,191,126,647,2026-07-12,123.38
INV-A042C78DBE7,PRD-0D2BCC7C8DE,WH-0004,1438,97,198,578,2026-05-07,108.8
INV-3C8BD65C639,PRD-0D2BCC7C8DE,WH-0006,2565,16,418,577,2026-04-26,445.7
INV-7A55EDE20C3,PRD-0D2BCC7C8DE,WH-0009,3156,170,124,1949,2026-05-11,197.33
INV-A54E168F23B,PRD-E4DCB85BEFF,WH-0004,2039,174,447,983,2026-04-25,61.69
INV-5F9E5AFE08A,PRD-E4DCB85BEFF,WH-0014,1206,167,452,1906,2026-07-06,341.85
INV-88EDC94EE9C,PRD-E26B00F44CE,WH-0001,16,11,106,964,2026-04-24,373.11
INV-D1A696BFA18,PRD-E26B00F44CE,WH-0019,3746,93,407,1373,2026-06-11,263.44
INV-3A790266F2E,PRD-55355D81D9C,WH-0017,3168,149,187,1312,2026-06-15,232.27
INV-FF7F1095ED6,PRD-55355D81D9C,WH-0006,4558,160,286,1863,2026-05-13,213.75
INV-5301E06B701,PRD-8DD2FAD2188,WH-0017,2662,167,147,1970,2026-05-02,461.15
INV-56479AC3FBF,PRD-8DD2FAD2188,WH-0009,1380,12,307,354,2026-07-13,413.17
INV-08AFA46BC71,PRD-8DD2FAD2188,WH-0010,2079,129,181,906,2026-04-18,434.91
INV-4FDA269CFD3,PRD-FE2A6D2F10D,WH-0015,2429,139,147,1542,2026-07-05,144.65
INV-581FF49C002,PRD-FE2A6D2F10D,WH-0005,387,21,229,1891,2026-06-25,261.29
INV-3BC87DED50A,PRD-FE2A6D2F10D,WH-0002,384,174,485,750,2026-06-12,464.27
INV-BD851F81CD0,PRD-FE2A6D2F10D,WH-0012,2613,27,159,1052,2026-06-05,329.23
INV-6E5B8287027,PRD-2E79848B928,WH-0012,4892,146,246,498,2026-05-28,418.9
INV-3044EA9B74B,PRD-8E53D072877,WH-0004,277,161,290,1190,2026-05-17,131.56
INV-5B2AB717CB8,PRD-8E53D072877,WH-0016,3082,122,90,809,2026-07-02,318.87
INV-2BE151A5563,PRD-8E53D072877,WH-0017,1579,22,41,1572,2026-06-10,471.39
INV-D1BF9E54745,PRD-8E53D072877,WH-0015,2615,128,400,1272,2026-05-08,472.86
INV-CF6D07105AA,PRD-096D1066F4C,WH-0003,4835,41,491,1280,2026-05-21,419.37
INV-EA49AE20A0E,PRD-096D1066F4C,WH-0017,4179,26,370,829,2026-05-24,357.32
INV-5E87E8A16FC,PRD-096D1066F4C,WH-0006,2841,183,110,1110,2026-05-08,18.94
INV-6540E929C21,PRD-2AEBDD7447A,WH-0010,350,148,310,1627,2026-04-27,221.33
INV-A084AAE44ED,PRD-2AEBDD7447A,WH-0008,4196,172,42,960,2026-05-10,20.34
INV-73864472E64,PRD-2AEBDD7447A,WH-0007,2089,41,445,685,2026-06-14,169.73
INV-E7D2A2EA07B,PRD-E2674DC87C5,WH-0007,4539,151,42,803,2026-05-29,492.04
INV-D38CADD47E8,PRD-898223A38F2,WH-0011,3747,171,284,274,2026-05-10,72.94
INV-482AA7656B3,PRD-898223A38F2,WH-0004,1056,168,44,1769,2026-05-03,210.15
INV-4C36F2EE6BC,PRD-898223A38F2,WH-0006,2697,71,457,181,2026-06-17,243.68
INV-3EB8AE8DB53,PRD-1BB48FEC653,WH-0005,4357,39,75,144,2026-06-22,98.44
INV-2D293D86F7D,PRD-43D70343492,WH-0008,1975,147,356,1013,2026-04-26,209.3
INV-B2983CFC039,PRD-43D70343492,WH-0004,62,20,31,450,2026-05-28,64.24
INV-02DCB36C248,PRD-43D70343492,WH-0011,2071,89,136,463,2026-07-13,247.96
INV-D5B8815B54D,PRD-43D70343492,WH-0006,3553,197,221,798,2026-06-06,43.35
INV-87362466269,PRD-95A1ED92BFA,WH-0011,4111,34,373,1547,2026-06-29,242.82
INV-219165537D0,PRD-95A1ED92BFA,WH-0001,3187,73,405,585,2026-06-09,330.12
INV-3E81ADEBA56,PRD-95A1ED92BFA,WH-0004,462,161,35,1097,2026-07-04,293.08
INV-2CFDBD1B9A5,PRD-95A1ED92BFA,WH-0010,4395,197,426,1306,2026-05-09,214.84
INV-64799F211D4,PRD-F7C5373F9E8,WH-0002,4812,39,56,855,2026-06-18,418.16
INV-24647514875,PRD-F7C5373F9E8,WH-0016,833,41,72,1565,2026-04-29,404.2
INV-CA8CE3E4C65,PRD-F7C5373F9E8,WH-0017,823,198,373,1115,2026-06-03,267.39
INV-3917C8871D6,PRD-F7C5373F9E8,WH-0015,1650,2,335,1667,2026-06-19,404.63
INV-1EACE5F0E9E,PRD-B77B4126007,WH-0001,3072,131,488,917,2026-06-04,401.97
INV-9367171AEC8,PRD-B77B4126007,WH-0020,4266,21,66,981,2026-06-27,128.61
INV-D06565CC84D,PRD-B77B4126007,WH-0012,926,177,354,166,2026-06-13,86.56
INV-994FE4A66A2,PRD-5CAE8275BD2,WH-0010,2656,168,426,876,2026-04-21,13.95
INV-9C855206564,PRD-5CAE8275BD2,WH-0020,613,87,136,859,2026-06-12,428.21
INV-6E33BED5D9E,PRD-5CAE8275BD2,WH-0004,2780,30,159,488,2026-05-29,312.67
INV-256B36B2880,PRD-11427521897,WH-0007,3994,43,224,385,2026-05-12,140.86
INV-27579F4D443,PRD-11427521897,WH-0018,1488,153,219,1998,2026-05-05,205.41
INV-6A5A601840B,PRD-C09D44D22D9,WH-0002,4856,105,175,1985,2026-04-26,452.32
INV-EF71DA0E52D,PRD-C09D44D22D9,WH-0020,3463,186,118,817,2026-07-04,458.94
INV-9A73D5EA4AD,PRD-C09D44D22D9,WH-0015,1045,34,106,1732,2026-05-12,3.65
INV-37BC7F4D357,PRD-562C3B0BC59,WH-0011,4944,102,265,524,2026-06-06,7.57
INV-8129D51D3DD,PRD-562C3B0BC59,WH-0008,2279,113,284,950,2026-05-28,364.69
INV-22D95A04B49,PRD-8C21F9441FF,WH-0009,219,78,381,1407,2026-07-08,81.09
INV-3ABC3866F39,PRD-8C21F9441FF,WH-0007,82,18,100,520,2026-06-24,68.7
INV-4284949F613,PRD-8C21F9441FF,WH-0016,1578,166,315,1169,2026-05-12,99.18
INV-8BA29FEFF76,PRD-8C21F9441FF,WH-0011,3928,4,197,2000,2026-05-16,44.83
INV-2EFB05F7D87,PRD-F6727CFAC1B,WH-0016,4189,196,223,1766,2026-07-05,235.12
INV-F2350E3E529,PRD-F6727CFAC1B,WH-0010,1059,34,286,1736,2026-06-29,32.2
INV-A41F869DCD6,PRD-F6727CFAC1B,WH-0005,4695,9,202,127,2026-07-09,169.04
INV-55CDB973414,PRD-F6727CFAC1B,WH-0013,308,200,30,780,2026-04-15,325.57
INV-F59432642D8,PRD-7050CFA1C8A,WH-0003,786,180,380,892,2026-06-08,162.18
INV-6256945F49D,PRD-F2A372C6EFE,WH-0018,2482,200,138,539,2026-06-13,248.3
INV-AFDEEC07446,PRD-F2A372C6EFE,WH-0001,618,188,428,337,2026-06-16,147.17
INV-E97897988E7,PRD-C64140395F8,WH-0017,897,82,410,785,2026-04-23,302.73
INV-B96658543E5,PRD-66771557382,WH-0006,4616,10,73,1976,2026-06-16,448.82
INV-CE6F0175F60,PRD-66771557382,WH-0019,3263,49,325,1510,2026-05-04,271.02
INV-0D47EF9B812,PRD-66771557382,WH-0015,2653,192,138,1104,2026-04-28,420.78
INV-048150BA215,PRD-D29517466C6,WH-0009,2521,129,150,1300,2026-07-11,475.65
INV-9F54C0A0AD6,PRD-D29517466C6,WH-0019,4874,184,297,429,2026-05-18,496.91
INV-519E07D0194,PRD-D29517466C6,WH-0002,1244,108,486,1689,2026-06-24,369.51
INV-8EB38C001F6,PRD-D29517466C6,WH-0005,41,21,91,591,2026-06-01,348.48
INV-16D9D05B4EC,PRD-374F8B048D8,WH-0016,1624,27,261,2000,2026-06-03,495.72
INV-03BE2C01EE8,PRD-374F8B048D8,WH-0007,419,127,10,993,2026-07-03,353.31
INV-C3AC627AF99,PRD-374F8B048D8,WH-0006,534,63,292,1328,2026-04-16,417.85
INV-C03F6D31C10,PRD-374F8B048D8,WH-0020,4291,34,439,258,2026-06-05,258.06
INV-51A6CACBBAB,PRD-8A97AB05A1F,WH-0020,457,40,356,119,2026-06-20,418.82
INV-B00346D5C5A,PRD-8A97AB05A1F,WH-0007,1422,135,275,1764,2026-04-28,315.43
INV-D1F8474CE52,PRD-A18461BA8BE,WH-0017,613,175,36,1340,2026-04-22,80.43
INV-A692B39F4F7,PRD-A18461BA8BE,WH-0008,48,40,458,684,2026-05-24,493.98
INV-1D0121A6B36,PRD-A18461BA8BE,WH-0011,3203,143,63,167,2026-05-18,463.17
INV-F3E83FD190E,PRD-348732ACB2F,WH-0006,3529,73,78,767,2026-07-10,151.94
INV-66C70CA8796,PRD-348732ACB2F,WH-0002,3684,143,238,1138,2026-06-09,144.8
INV-B188CD1B8FB,PRD-348732ACB2F,WH-0015,661,150,212,377,2026-06-20,215.72
INV-F06B60A2CD7,PRD-E3C5F200D6A,WH-0019,3769,184,74,227,2026-05-13,494.37
INV-CB88877314D,PRD-E3C5F200D6A,WH-0009,270,4,228,894,2026-05-23,384.61
INV-9FC11BB429B,PRD-E3C5F200D6A,WH-0013,3160,193,109,445,2026-07-13,29.67
INV-3222579F605,PRD-9859019C760,WH-0015,478,163,67,1040,2026-07-04,168.5
INV-33FB85E0D21,PRD-9859019C760,WH-0014,4029,141,295,1765,2026-06-01,266.31
INV-F14156BF89B,PRD-9859019C760,WH-0009,1076,41,21,283,2026-06-26,336.26
INV-BB664A54C88,PRD-9859019C760,WH-0020,4101,45,262,1581,2026-05-19,123.55
INV-C12691C57C6,PRD-A8AE6B5505F,WH-0017,4097,10,241,1512,2026-04-15,445.25
INV-F92C011951F,PRD-A8AE6B5505F,WH-0005,4509,139,428,724,2026-06-27,310.26
INV-CF8D3AF8C09,PRD-A8AE6B5505F,WH-0009,792,73,231,1166,2026-05-20,430.29
INV-42AFC88399B,PRD-A8AE6B5505F,WH-0006,2454,86,212,199,2026-04-23,469.8
INV-7B6455045C7,PRD-D0007AE712D,WH-0020,2470,180,428,1168,2026-04-19,434.19
INV-E79B60F2BEC,PRD-D0007AE712D,WH-0014,3968,196,42,233,2026-05-13,432.64
INV-9D03F54FF88,PRD-D0007AE712D,WH-0013,790,183,116,1200,2026-06-15,492.61
INV-560475ACF54,PRD-C2D3AE7A552,WH-0007,2232,1,209,733,2026-05-27,492.77
INV-B24F3C7DAB2,PRD-C2D3AE7A552,WH-0001,2703,168,273,833,2026-06-26,181.58
INV-7D7D359C529,PRD-C2D3AE7A552,WH-0016,3394,35,277,487,2026-07-02,367.72
INV-831595628FE,PRD-98DEC6F2072,WH-0001,1861,142,310,1371,2026-04-23,219.32
INV-E5C0C83FCAE,PRD-98DEC6F2072,WH-0005,1758,159,433,676,2026-04-29,390.51
INV-756DE0C0DB8,PRD-98DEC6F2072,WH-0009,1518,193,306,863,2026-04-27,218.44
INV-A105F479C29,PRD-98DEC6F2072,WH-0018,2786,140,405,1597,2026-05-14,13.0
INV-70895044ED1,PRD-F28B7F287F4,WH-0001,2050,65,420,1720,2026-05-12,479.81
INV-97FAC0B0ABD,PRD-F28B7F287F4,WH-0011,4072,32,495,1305,2026-05-17,370.08
INV-D9710BD742D,PRD-F28B7F287F4,WH-0006,3826,105,401,451,2026-04-28,133.21
INV-981F6954296,PRD-F28B7F287F4,WH-0003,4004,124,372,512,2026-05-27,305.07
INV-4985662A785,PRD-F0A09A164AC,WH-0001,984,105,496,748,2026-05-15,6.82
INV-966C64A5EF1,PRD-F0A09A164AC,WH-0008,624,45,334,129,2026-05-30,37.42
INV-79BB0BE2E36,PRD-F0A09A164AC,WH-0016,1275,76,73,654,2026-06-12,138.87
INV-F936BF14A04,PRD-F0A09A164AC,WH-0006,4563,121,488,1592,2026-04-19,188.45
INV-4AE8914A9A1,PRD-A998EF53744,WH-0010,867,14,432,1142,2026-06-20,153.09
INV-4B45A87FD96,PRD-A87B678E802,WH-0003,2104,55,151,706,2026-05-20,16.51
INV-AD2BA511004,PRD-54DB6965FBE,WH-0009,3331,24,26,991,2026-05-20,473.74
INV-6EA8838FAF3,PRD-F09C77CE7A7,WH-0017,810,153,134,195,2026-06-14,94.66
INV-E6919480E34,PRD-F09C77CE7A7,WH-0010,3528,195,240,952,2026-05-09,484.81
INV-8D4770F42F4,PRD-841E82AC7AC,WH-0014,3568,24,413,341,2026-05-09,179.84
INV-D1665D71351,PRD-841E82AC7AC,WH-0013,158,23,426,522,2026-05-02,1.31
INV-53B3518B5CB,PRD-841E82AC7AC,WH-0015,2854,63,182,493,2026-05-31,124.03
INV-F5939B534B5,PRD-CCFA04FAB70,WH-0009,4657,14,321,1667,2026-06-16,362.78
INV-5B63B836122,PRD-CCFA04FAB70,WH-0015,4234,13,434,307,2026-05-11,52.5
INV-4A9D00A62A4,PRD-CCFA04FAB70,WH-0008,3644,151,493,358,2026-06-20,398.66
INV-ABDC5818C35,PRD-0EB0F8592B0,WH-0015,4651,165,451,201,2026-05-01,189.79
INV-0E8C4AD29B7,PRD-249DB527A4B,WH-0004,770,15,365,1303,2026-06-12,132.02
INV-6D08EEE4205,PRD-249DB527A4B,WH-0019,1247,28,251,1727,2026-05-27,29.59
INV-54E3F677E0D,PRD-249DB527A4B,WH-0018,1982,171,131,1775,2026-07-01,202.35
INV-24F9CFB0180,PRD-4921FE52013,WH-0002,670,36,195,1109,2026-05-08,283.5
INV-847DAD001D2,PRD-191244D40F9,WH-0005,4154,68,221,1724,2026-07-07,361.37
INV-72D1218D8B9,PRD-191244D40F9,WH-0006,1281,100,294,1756,2026-04-27,14.28
INV-98356B459F2,PRD-F7E7D61BF96,WH-0011,3747,134,476,206,2026-06-09,56.02
INV-E7584F5355F,PRD-4F59AE41DD2,WH-0015,399,197,266,1888,2026-05-10,92.04
INV-DC3759744F5,PRD-4F59AE41DD2,WH-0002,260,90,221,1195,2026-05-09,43.8
INV-5B407D03918,PRD-4F59AE41DD2,WH-0012,4387,134,305,473,2026-04-24,324.4
INV-F01176CA155,PRD-4F59AE41DD2,WH-0017,218,186,63,239,2026-05-11,233.79
INV-8A121A13706,PRD-3B9E312A81C,WH-0011,2872,91,83,1188,2026-06-25,26.23
INV-9871EC7CECC,PRD-3B9E312A81C,WH-0015,3650,151,486,441,2026-06-06,397.97
INV-F4EA756F0E3,PRD-54900BD2405,WH-0010,4931,82,318,847,2026-07-07,392.6
INV-B909A3B6829,PRD-9FA9CC46E14,WH-0014,2490,156,280,103,2026-07-02,477.99
INV-7B8503B2816,PRD-9FA9CC46E14,WH-0013,4574,160,122,1578,2026-04-15,11.36
INV-1A7EE7466E7,PRD-9FA9CC46E14,WH-0015,655,82,292,916,2026-06-28,367.04
INV-E6D9A34512C,PRD-9FA9CC46E14,WH-0016,796,165,91,1788,2026-04-22,310.29
INV-EC06335E5FF,PRD-EA8815CAD16,WH-0018,2262,127,85,723,2026-05-21,149.63
INV-E1CAEBDE912,PRD-EA8815CAD16,WH-0009,4845,85,364,608,2026-05-13,229.71
INV-16E2C2D2725,PRD-EA8815CAD16,WH-0008,2537,112,31,1857,2026-05-27,156.23
INV-275304A1B43,PRD-0FD09518534,WH-0004,3168,7,471,1307,2026-05-03,488.12
INV-C2B6160BFF0,PRD-0FD09518534,WH-0017,855,89,245,114,2026-05-19,168.12
INV-6DBD5D81296,PRD-0FD09518534,WH-0015,1719,181,285,388,2026-05-01,90.0
INV-F2C5895EF7B,PRD-0FD09518534,WH-0008,2886,175,372,1871,2026-07-11,301.78
INV-AD3EA2E35C3,PRD-EEE9BC76430,WH-0002,3627,145,235,961,2026-05-09,49.35
INV-2DC22D32408,PRD-EEE9BC76430,WH-0013,747,145,12,284,2026-06-17,27.0
INV-77604E9AEEC,PRD-82898A329D5,WH-0015,938,176,31,1559,2026-05-23,475.56
INV-8F35C5DD1F4,PRD-82898A329D5,WH-0011,4472,199,466,647,2026-06-02,285.28
INV-7EEA90B04F0,PRD-82898A329D5,WH-0001,4400,5,299,2000,2026-07-09,6.65
INV-26DF0A5EE44,PRD-82898A329D5,WH-0013,367,44,396,1032,2026-05-15,475.68
INV-1ACCA922655,PRD-4D2ED2F8111,WH-0013,4478,87,412,370,2026-06-24,36.17
INV-6A9E2E650C6,PRD-2D97EA87D36,WH-0006,3328,141,293,1037,2026-05-03,343.16
INV-C733B8F570A,PRD-4AB57E6FF6C,WH-0006,249,71,387,724,2026-05-26,335.61
INV-ADF1857ABBA,PRD-EA5A1E77BA4,WH-0020,4689,4,464,1098,2026-07-08,295.64
INV-3AD6CDEBE4F,PRD-EA5A1E77BA4,WH-0004,4094,148,229,629,2026-07-07,466.67
INV-9EB9E9CDEB5,PRD-EA5A1E77BA4,WH-0001,690,192,458,600,2026-06-07,414.32
INV-943AEE69FD5,PRD-A7BE1F9D7C2,WH-0012,4774,97,33,372,2026-04-27,331.51
INV-A3AB00D28E1,PRD-A7094395732,WH-0007,579,66,216,1322,2026-05-11,367.92
INV-CD54A033C2B,PRD-A7094395732,WH-0019,325,142,327,1584,2026-07-09,306.98
INV-815D5AFDE78,PRD-A7094395732,WH-0008,2874,196,263,1312,2026-04-28,479.7
INV-6A9AE55E083,PRD-A7094395732,WH-0020,2398,113,95,1051,2026-07-11,278.03
INV-4CFB9F5359A,PRD-DEDA86963B9,WH-0008,2166,123,160,1660,2026-05-02,276.25
INV-6D4F1E8E963,PRD-DEDA86963B9,WH-0020,3485,76,281,960,2026-04-30,230.9
INV-E502F8875EC,PRD-084FF6CE613,WH-0002,4461,128,20,577,2026-06-04,356.24
INV-7575B000E25,PRD-7080483626E,WH-0007,2393,36,438,1318,2026-04-30,219.79
INV-19F89D0157E,PRD-7080483626E,WH-0020,2145,37,251,405,2026-06-02,170.19
INV-535DB5C29ED,PRD-13000546CC9,WH-0007,4704,180,340,1195,2026-07-07,478.97
INV-255FDC4F157,PRD-13000546CC9,WH-0004,4481,45,95,1477,2026-05-16,432.74
INV-F8EE36B18C9,PRD-13000546CC9,WH-0013,3813,130,406,1019,2026-06-21,433.03
INV-9A2A7F305BD,PRD-13000546CC9,WH-0014,4370,132,98,1423,2026-05-15,294.45
INV-B48C85BCB7C,PRD-AEF20431A19,WH-0003,1054,146,478,1681,2026-04-17,90.71
INV-42C3DAB824E,PRD-AEF20431A19,WH-0018,3711,126,28,1927,2026-04-23,465.49
INV-5AA1827FCC3,PRD-AEF20431A19,WH-0005,4595,48,327,578,2026-05-30,328.0
INV-6B24FFF4751,PRD-AEF20431A19,WH-0002,1116,171,472,678,2026-05-05,240.38
INV-4E715073C06,PRD-0715A661323,WH-0012,1599,11,434,555,2026-07-13,52.92
INV-B5C789826FD,PRD-138D36579A8,WH-0011,2005,196,274,1290,2026-05-14,236.39
INV-F89BC412DF8,PRD-ADC3C0537BB,WH-0015,357,135,402,1303,2026-05-08,317.64
INV-46816793B1C,PRD-329B3CEFE6E,WH-0003,4653,21,204,1818,2026-07-05,345.39
INV-E2024374B8B,PRD-329B3CEFE6E,WH-0006,2762,112,153,1193,2026-07-08,490.02
INV-2651BDE328E,PRD-329B3CEFE6E,WH-0013,4836,151,192,133,2026-06-20,121.19
INV-5C3F613624F,PRD-329B3CEFE6E,WH-0001,4946,117,92,276,2026-04-27,14.78
INV-05D156580DC,PRD-F80D8363BFD,WH-0013,1412,41,391,557,2026-04-20,353.78
INV-821223C7B64,PRD-F80D8363BFD,WH-0008,4333,43,28,1870,2026-07-12,126.55
INV-9E095224AAD,PRD-F80D8363BFD,WH-0010,2661,152,143,391,2026-05-26,201.67
INV-667C10033A7,PRD-DD91E05E120,WH-0009,4501,149,141,1504,2026-07-07,215.15
INV-83595239A67,PRD-DD91E05E120,WH-0003,4670,106,139,316,2026-07-05,123.74
INV-262A164E11B,PRD-DD91E05E120,WH-0006,2955,43,256,1454,2026-06-03,232.72
INV-53329425C46,PRD-2B12DEBF7C4,WH-0014,3457,194,410,1364,2026-06-11,137.21
INV-B662C82C656,PRD-BF9354EB62A,WH-0007,889,37,36,677,2026-05-10,483.56
INV-3165F0C830C,PRD-BF9354EB62A,WH-0010,3836,73,169,409,2026-05-01,480.7
INV-C59B00859FB,PRD-BF9354EB62A,WH-0016,763,143,35,1991,2026-05-08,218.21
INV-E92F5A86AF4,PRD-BF9354EB62A,WH-0012,353,1,109,1827,2026-05-14,44.62
INV-8CF309DE27C,PRD-307D96F565F,WH-0013,1967,7,256,387,2026-05-13,133.54
INV-7D52AC4E800,PRD-307D96F565F,WH-0008,2513,137,246,94,2026-05-14,113.11
INV-0A269858CE4,PRD-307D96F565F,WH-0007,979,55,383,1464,2026-06-03,134.32
INV-E2292B991D2,PRD-1C64A811AC7,WH-0014,4008,66,389,1195,2026-04-30,451.39
INV-A7D5F0FE99E,PRD-1C64A811AC7,WH-0010,4210,114,190,1688,2026-06-14,97.22
INV-3FC4FBE7761,PRD-D1214100555,WH-0019,334,57,442,55,2026-06-22,443.02
INV-56AB8CA9B16,PRD-D1214100555,WH-0002,4264,191,426,311,2026-05-22,21.6
INV-8BF40985043,PRD-D1214100555,WH-0013,4816,48,166,618,2026-04-21,36.73
INV-24955FD1E23,PRD-BB66EB31CF0,WH-0009,1688,192,312,1079,2026-05-12,404.25
INV-6130074F070,PRD-BB66EB31CF0,WH-0008,291,132,406,806,2026-07-01,86.78
INV-2A980C06D1C,PRD-BB66EB31CF0,WH-0019,1908,54,228,297,2026-04-18,247.78
INV-F4D7D2EC9BE,PRD-BB66EB31CF0,WH-0003,2112,76,209,784,2026-06-24,65.29
INV-C5E62EAC477,PRD-A35E87BA705,WH-0010,3845,91,283,1374,2026-04-21,153.79
INV-F23738AA8F9,PRD-A35E87BA705,WH-0017,1360,200,130,1639,2026-06-08,214.95
INV-127985152E9,PRD-A35E87BA705,WH-0020,153,130,146,1433,2026-04-28,198.79
INV-820A3A915EF,PRD-B25EF41ACB0,WH-0007,1019,31,348,685,2026-05-25,490.95
INV-C32419D8DEA,PRD-B25EF41ACB0,WH-0009,4121,40,132,1730,2026-07-08,198.71
INV-8AA02FCFDCC,PRD-B25EF41ACB0,WH-0013,3407,101,460,1061,2026-05-28,290.25
INV-180E41EFCA1,PRD-B25EF41ACB0,WH-0005,1869,12,291,1581,2026-06-18,112.72
INV-31A7987E985,PRD-FA7B9B107AD,WH-0016,1616,26,263,1375,2026-04-22,13.26
INV-0E93D82DEE1,PRD-FA7B9B107AD,WH-0017,2143,0,490,1555,2026-06-06,4.37
INV-4483E509290,PRD-6CD5AFCC626,WH-0010,4999,45,76,1774,2026-06-13,473.97
INV-B0DD315B13D,PRD-6CD5AFCC626,WH-0009,858,107,319,1045,2026-06-22,464.18
INV-74F479A5AD2,PRD-6CD5AFCC626,WH-0008,4655,150,181,1404,2026-04-23,212.45
INV-B8BAA52FF0E,PRD-6CD5AFCC626,WH-0001,1326,161,95,1670,2026-05-08,441.14
INV-FE8FCF3B053,PRD-DDAD3DD8100,WH-0006,146,114,245,381,2026-06-25,485.36
INV-992325A5BC4,PRD-A0FCB877D4F,WH-0013,930,53,234,1002,2026-05-21,195.09
INV-CCEA92EB054,PRD-1228D202F80,WH-0013,2875,155,162,1217,2026-05-03,56.78
INV-AB675508D21,PRD-1228D202F80,WH-0019,4340,31,388,1518,2026-05-04,216.62
INV-B4793BFECB0,PRD-1228D202F80,WH-0001,2036,78,315,1475,2026-05-28,67.83
INV-7D8BF469F05,PRD-518CD8CC5CA,WH-0019,2936,79,421,877,2026-07-02,152.48
INV-816CBA51093,PRD-518CD8CC5CA,WH-0005,4523,173,138,812,2026-05-10,484.89
INV-786A2D6BB98,PRD-518CD8CC5CA,WH-0010,2102,184,146,264,2026-06-24,274.11
INV-5FFF7059A5D,PRD-518CD8CC5CA,WH-0020,1965,176,67,1514,2026-06-28,112.3
INV-CAD0BA9BFAF,PRD-A463FA0BF76,WH-0011,773,119,452,273,2026-06-09,498.12
INV-5C8A902DCF4,PRD-A463FA0BF76,WH-0005,2651,158,271,442,2026-05-01,496.45
INV-91670D13287,PRD-A463FA0BF76,WH-0015,2454,137,37,1509,2026-04-28,461.45
INV-3ADC0C7EFFC,PRD-18682099ED0,WH-0016,913,110,377,811,2026-06-19,313.2
INV-190E13A8839,PRD-18682099ED0,WH-0018,3049,119,359,1718,2026-04-23,410.44
INV-A565E7B2231,PRD-8CABF3F6922,WH-0013,4744,56,495,1670,2026-04-28,433.51
INV-665033A15C0,PRD-8CABF3F6922,WH-0005,414,177,445,286,2026-06-28,52.29
INV-BE2490AC0EF,PRD-80562F07591,WH-0002,645,42,142,1711,2026-05-30,105.2
INV-E9C6A74309E,PRD-80562F07591,WH-0004,511,126,307,1112,2026-06-13,463.37
INV-9D404F8226E,PRD-80562F07591,WH-0016,1589,151,187,1350,2026-05-07,294.69
INV-B72CE06B616,PRD-6B0FBCA067E,WH-0012,2248,84,283,719,2026-07-05,70.23
INV-759704232BD,PRD-6B0FBCA067E,WH-0009,895,133,450,512,2026-05-20,13.46
INV-1E5CF5C53C6,PRD-6B0FBCA067E,WH-0018,4463,126,347,627,2026-04-19,292.31
INV-38154B39244,PRD-A8ECE650D17,WH-0013,2750,64,97,645,2026-04-16,319.81
INV-1DAE033FA3D,PRD-A8ECE650D17,WH-0005,1302,143,291,930,2026-07-03,391.34
INV-D82707FC880,PRD-A8ECE650D17,WH-0020,3767,97,116,809,2026-05-17,360.29
INV-77CFE18C34D,PRD-A8ECE650D17,WH-0015,134,15,284,603,2026-06-02,492.24
INV-8440CED5052,PRD-EEB32D68EF9,WH-0005,2296,116,389,935,2026-05-14,425.38
INV-D97EC60E909,PRD-EEB32D68EF9,WH-0014,1460,76,168,361,2026-07-08,108.78
INV-FEAF250636F,PRD-EEB32D68EF9,WH-0009,356,43,420,1348,2026-05-11,218.13
INV-D4FD50451E4,PRD-EDC5079FD2A,WH-0017,477,178,137,1789,2026-05-05,492.7
INV-D25A37C5C10,PRD-EDC5079FD2A,WH-0007,3525,78,289,130,2026-07-08,120.82
INV-1A2D250B352,PRD-DD2C1B65A9A,WH-0013,2529,30,254,1289,2026-06-27,186.94
INV-2473290CD7B,PRD-DD2C1B65A9A,WH-0011,4835,63,206,1920,2026-06-17,73.65
INV-CA83B7A336E,PRD-DD2C1B65A9A,WH-0001,324,106,397,1948,2026-06-25,40.89
INV-CAE5CB79C27,PRD-9B1C6382726,WH-0017,4374,110,481,833,2026-05-28,233.61
INV-3367915BE4F,PRD-8BD09FFDCEC,WH-0017,3159,196,353,1348,2026-05-05,421.04
INV-066BBFBAF07,PRD-8BD09FFDCEC,WH-0018,4512,120,428,547,2026-06-20,157.11
INV-D30E7ABADC5,PRD-8BD09FFDCEC,WH-0012,2372,135,286,952,2026-05-15,293.32
INV-A04407082BE,PRD-8BD09FFDCEC,WH-0002,1381,108,183,1627,2026-06-22,19.34
INV-2AE9D761BE8,PRD-DE907AF2DFE,WH-0012,3392,50,123,104,2026-06-07,171.54
INV-1EF1194DC37,PRD-DE907AF2DFE,WH-0007,859,32,348,901,2026-05-28,189.04
INV-CCBB83C2982,PRD-DE907AF2DFE,WH-0015,3287,132,294,886,2026-05-27,325.08
INV-C0D654781A2,PRD-76D9BA40F27,WH-0004,409,78,262,1145,2026-06-27,301.88
INV-42E335AA44E,PRD-76D9BA40F27,WH-0009,1342,187,361,306,2026-05-13,372.97
INV-4D2582475D4,PRD-29C196C81CF,WH-0016,1073,172,388,1901,2026-07-10,398.66
INV-C23BBE90AEA,PRD-7D906AA7647,WH-0020,1842,125,459,156,2026-07-01,130.5
INV-4B6E14C5B11,PRD-7D906AA7647,WH-0004,2697,115,272,726,2026-05-05,123.45
INV-CD8FECBF803,PRD-7D906AA7647,WH-0012,3414,34,127,873,2026-07-07,403.87
INV-DA125CC9A48,PRD-7D906AA7647,WH-0005,4179,182,227,986,2026-06-12,18.12
INV-7C52FA2F44C,PRD-5E050F93B4F,WH-0019,829,71,188,1514,2026-05-07,77.78
INV-EF71E630E11,PRD-5E050F93B4F,WH-0015,1972,175,416,603,2026-04-19,176.18
INV-394F2816E9F,PRD-5E050F93B4F,WH-0018,2169,150,194,1728,2026-04-26,8.11
INV-099AFC88B09,PRD-6AA30D1C5E7,WH-0012,876,11,403,371,2026-06-21,290.55
INV-38133715BE9,PRD-6AA30D1C5E7,WH-0015,2865,83,32,384,2026-05-15,308.94
INV-17C9A4C0EFD,PRD-6AA30D1C5E7,WH-0003,4497,54,450,1163,2026-05-01,191.89
INV-C5E0CC86B75,PRD-1E59F7CF472,WH-0010,2849,183,145,682,2026-04-22,346.87
INV-582E7810290,PRD-1E59F7CF472,WH-0003,3700,4,115,1426,2026-04-28,196.66
INV-2D51387A6D6,PRD-6ABE679FB07,WH-0001,109,97,307,614,2026-07-13,287.07
INV-5A1FF8E2B42,PRD-6ABE679FB07,WH-0005,1889,174,439,362,2026-06-07,409.93
INV-2248036DF95,PRD-554895F279D,WH-0009,2200,85,301,562,2026-07-08,55.75
INV-2EC1355E3DC,PRD-554895F279D,WH-0007,610,1,174,1086,2026-06-11,143.18
INV-3B06DFF1BB6,PRD-554895F279D,WH-0006,1590,54,428,1478,2026-04-26,2.47
INV-2894AE13788,PRD-C3BBAA60FA3,WH-0004,1084,146,421,1283,2026-06-10,230.92
INV-B247F4C510C,PRD-C3BBAA60FA3,WH-0018,982,24,342,640,2026-07-01,99.52
INV-000682444CE,PRD-F392966CA3F,WH-0003,3006,5,147,360,2026-05-19,15.05
INV-3656B92A6C6,PRD-F392966CA3F,WH-0007,311,142,171,334,2026-05-28,316.26
INV-4C468697803,PRD-F392966CA3F,WH-0005,248,184,417,1917,2026-06-10,27.86
INV-C88106FEF56,PRD-F392966CA3F,WH-0014,834,191,368,943,2026-05-03,330.37
INV-859E2196ABE,PRD-C2877FA7B45,WH-0002,234,94,324,263,2026-04-28,142.29
INV-8B6ECED16A5,PRD-8193C2461DC,WH-0006,386,125,234,1412,2026-04-27,80.02
INV-1BAF1D81144,PRD-8193C2461DC,WH-0010,2775,103,481,1647,2026-05-30,442.58
INV-A5F0D084DB4,PRD-601ACBFED3B,WH-0004,2573,163,15,1947,2026-07-07,374.47
INV-B2CE60C40E8,PRD-601ACBFED3B,WH-0010,854,13,379,443,2026-07-07,398.87
INV-3E8720F3209,PRD-601ACBFED3B,WH-0001,3584,41,262,552,2026-05-09,214.57
INV-7281AE811A7,PRD-601ACBFED3B,WH-0002,3020,65,424,758,2026-06-15,169.36
INV-AE0D28E01A6,PRD-566D45900FA,WH-0005,4759,163,364,1111,2026-07-06,20.38
INV-4640286EAC0,PRD-566D45900FA,WH-0011,2211,193,46,1491,2026-04-19,105.21
INV-157CC6184BC,PRD-8D4DA31EE89,WH-0014,4968,26,429,1436,2026-05-04,50.19
INV-84F5545C885,PRD-8D4DA31EE89,WH-0002,2090,160,124,331,2026-04-19,428.06
INV-401E4E86484,PRD-8D4DA31EE89,WH-0001,1683,165,165,170,2026-07-10,63.04
INV-82D5554FE1E,PRD-8D4DA31EE89,WH-0008,1159,161,145,299,2026-05-15,45.83
INV-76D4E7311F3,PRD-7F066290C4D,WH-0007,3403,87,312,1753,2026-06-22,461.75
INV-BD61F473119,PRD-F75E3442F15,WH-0006,2257,26,425,1338,2026-07-13,453.47
INV-9D272E02B87,PRD-F75E3442F15,WH-0015,3550,25,215,781,2026-05-22,334.99
INV-9C68EA08760,PRD-F75E3442F15,WH-0016,631,72,358,354,2026-05-31,442.56
INV-0DAB2A0AB81,PRD-F75E3442F15,WH-0009,4117,160,453,914,2026-06-14,446.87
INV-661C21C8A65,PRD-3ED4BEDF24C,WH-0019,1041,106,271,947,2026-05-15,177.19
INV-3AEF4F0CED2,PRD-3ED4BEDF24C,WH-0009,3239,109,293,1286,2026-04-28,79.68
INV-FE86E381081,PRD-3ED4BEDF24C,WH-0004,4781,148,383,918,2026-06-25,108.17
INV-B4E765A013B,PRD-3ED4BEDF24C,WH-0016,2999,197,296,386,2026-05-09,496.26
INV-CFB4B55E4B2,PRD-6C452CB37F5,WH-0005,4601,5,62,394,2026-05-09,60.08
INV-D462A8AD235,PRD-A0CDDDD4265,WH-0008,47,24,250,1803,2026-05-22,326.38
INV-29E7C9451D6,PRD-A0CDDDD4265,WH-0014,192,19,83,1846,2026-05-16,223.74
INV-6CF2F69E7DE,PRD-5901D8EBE97,WH-0004,4015,48,113,1406,2026-06-30,129.61
INV-F21D04F2277,PRD-5901D8EBE97,WH-0019,3146,117,433,1225,2026-07-03,68.8
INV-D206172A00F,PRD-AF3A1905C46,WH-0006,3267,108,350,1336,2026-07-01,41.37
INV-62583743A7E,PRD-AF3A1905C46,WH-0010,4705,26,228,1352,2026-05-27,271.58
INV-28F63DCA6B5,PRD-E8BD464EAC5,WH-0014,2502,22,44,635,2026-05-31,498.84
INV-EDD49B3766E,PRD-CCEA3ABEFA7,WH-0013,98,47,177,691,2026-06-29,279.52
INV-48B2DD97B28,PRD-D84CF5B4168,WH-0018,2758,97,289,357,2026-06-16,365.19
INV-FA8ED2B595B,PRD-D84CF5B4168,WH-0013,4318,184,292,856,2026-05-20,383.89
INV-0C2EA11FF5C,PRD-F4E7B24CF77,WH-0002,4511,35,181,1608,2026-06-05,438.43
INV-925E8837DC9,PRD-F4E7B24CF77,WH-0007,3206,27,12,1327,2026-07-13,27.77
INV-9891892775D,PRD-C8FC15806D4,WH-0003,2349,92,48,127,2026-06-16,33.85
INV-4DD8A8430D2,PRD-C8FC15806D4,WH-0016,994,48,305,1102,2026-05-10,461.48
INV-8659332E697,PRD-C8FC15806D4,WH-0006,3001,143,89,924,2026-06-08,385.34
INV-24461BE7EDB,PRD-C8FC15806D4,WH-0010,1744,41,399,192,2026-06-08,247.53
INV-9A6ADE2AB8B,PRD-855E6F40D42,WH-0016,2726,17,250,876,2026-04-15,498.15
INV-B5F69CC82D4,PRD-A63E5D7D901,WH-0003,1404,187,146,1616,2026-07-12,454.95
INV-2327AAE0B49,PRD-5B3CBD3486A,WH-0005,4968,43,379,121,2026-06-10,206.46
INV-188A7ADB238,PRD-5B3CBD3486A,WH-0018,4607,122,451,465,2026-05-03,80.12
INV-485DB36A7EC,PRD-5B3CBD3486A,WH-0020,2099,56,217,106,2026-05-08,214.44
INV-F254DC6EAFD,PRD-85FA04940AB,WH-0006,3754,21,126,754,2026-06-10,161.69
INV-F0C6DE317C6,PRD-85FA04940AB,WH-0015,539,8,323,1292,2026-05-31,298.77
INV-17D58BD91FF,PRD-85FA04940AB,WH-0014,2725,108,203,546,2026-04-28,220.59
INV-BBB5D285178,PRD-85FA04940AB,WH-0011,2089,141,90,1702,2026-05-19,307.33
INV-83E4DA10069,PRD-104504A2259,WH-0007,4444,40,348,170,2026-06-18,389.01
INV-305F8CFBFE2,PRD-104504A2259,WH-0013,566,8,135,745,2026-06-06,298.28
INV-51C7E5FC201,PRD-104504A2259,WH-0005,3606,198,25,307,2026-04-29,27.93
INV-C173A699953,PRD-104504A2259,WH-0010,3992,57,365,1942,2026-04-18,162.95
INV-30E8B94C245,PRD-429D65995BB,WH-0018,3008,105,316,1586,2026-06-26,318.39
INV-776C67B437B,PRD-429D65995BB,WH-0008,3720,166,115,1282,2026-05-29,352.2
INV-CB946449962,PRD-6F6CD5DDD3B,WH-0013,2421,99,497,1386,2026-05-03,303.51
INV-164D06FE313,PRD-6F6CD5DDD3B,WH-0007,3550,5,20,1752,2026-07-03,313.16
INV-DB19D51FC2B,PRD-5CC62880C0D,WH-0009,2404,178,376,1899,2026-07-04,345.8
INV-1945F1A3CC0,PRD-83E8DDB3C8C,WH-0016,555,192,345,1187,2026-06-21,396.02
INV-2BFCC1C5020,PRD-E62C13FEBFA,WH-0010,3672,74,453,1207,2026-04-29,198.01
INV-3304840480B,PRD-E62C13FEBFA,WH-0002,2366,49,10,200,2026-04-18,156.99
INV-41C21C647C3,PRD-BB3C92D883F,WH-0002,1942,178,485,401,2026-06-06,170.22
INV-2F687A0FDA6,PRD-BB3C92D883F,WH-0009,4498,21,268,1146,2026-06-23,286.9
INV-EEF033629E7,PRD-FDC57700A9B,WH-0008,3434,128,204,442,2026-05-02,103.56
INV-7674007A187,PRD-FDC57700A9B,WH-0007,4045,102,358,660,2026-05-31,349.0
INV-E5062AB3E13,PRD-F065B4C38CC,WH-0006,2514,85,209,653,2026-07-04,241.86
INV-018AB2C71C1,PRD-F065B4C38CC,WH-0020,4265,104,476,625,2026-05-22,267.42
INV-8E1B2DB5202,PRD-F065B4C38CC,WH-0002,576,184,314,733,2026-05-27,254.45
INV-F0EC082ECC6,PRD-C3859F95FD3,WH-0004,2986,197,282,1210,2026-04-21,131.59
INV-4AFD36CF437,PRD-C3859F95FD3,WH-0016,4492,152,224,210,2026-07-04,344.12
INV-DF1E004C39E,PRD-C3859F95FD3,WH-0013,951,96,360,952,2026-06-08,49.74
INV-A5D4DD20726,PRD-C3859F95FD3,WH-0018,758,183,385,1155,2026-05-21,98.58
INV-5D371B27821,PRD-F7BA456FC61,WH-0016,5,1,189,1190,2026-05-07,236.58
INV-C7C6BDFFEAD,PRD-F7BA456FC61,WH-0008,2427,182,339,1909,2026-05-25,165.11
INV-48EC0C0F8F3,PRD-F7BA456FC61,WH-0007,561,8,16,655,2026-05-16,216.04
INV-F6DD2269F8E,PRD-5371E0C1B2D,WH-0005,1733,152,325,758,2026-05-16,269.63
INV-B1E839EBE68,PRD-5371E0C1B2D,WH-0006,1701,190,276,1988,2026-06-12,445.6
INV-4431E6592F3,PRD-5371E0C1B2D,WH-0011,1517,186,375,1199,2026-05-16,428.23
INV-AF9E7642A05,PRD-5371E0C1B2D,WH-0016,1760,124,107,1670,2026-06-05,185.62
INV-0F07FFC26EC,PRD-BA933C65970,WH-0002,539,167,212,899,2026-04-26,57.07
INV-6B200CA5AFB,PRD-BA933C65970,WH-0003,14,1,452,1019,2026-07-10,385.56
INV-860B28C0883,PRD-BC1A2511AED,WH-0019,3088,39,303,1312,2026-06-24,66.56
INV-86DFA3CFF81,PRD-BC1A2511AED,WH-0007,1435,3,283,1742,2026-06-15,153.36
INV-8A78294DB49,PRD-BC1A2511AED,WH-0006,1039,198,371,116,2026-06-16,124.93
INV-1CF0A10D6E8,PRD-BC1A2511AED,WH-0003,2034,181,357,1158,2026-06-07,320.05
INV-B1B3EF802B3,PRD-9C2FCB4ACED,WH-0014,2542,186,103,617,2026-06-10,185.91
INV-0DF8AE3B967,PRD-9C2FCB4ACED,WH-0007,970,145,311,611,2026-05-13,368.4
INV-AA7134A7657,PRD-375017D5952,WH-0001,2586,114,466,85,2026-06-18,499.67
INV-D94ECC7DA6E,PRD-375017D5952,WH-0015,4669,20,258,1350,2026-07-03,459.85
INV-10AD8378D5A,PRD-1A0F700C0E7,WH-0014,1346,128,401,722,2026-04-23,125.51
INV-9ED60CE95A3,PRD-1A0F700C0E7,WH-0009,406,115,111,1940,2026-06-20,487.35
INV-EBBB045B6B0,PRD-7D81225EAAD,WH-0002,1377,110,457,1933,2026-07-06,476.11
INV-7FC0256E438,PRD-7D81225EAAD,WH-0006,3148,87,190,1424,2026-06-18,3.62
INV-AD0B5539CC0,PRD-DE9CB1C2DE3,WH-0008,3389,197,175,1243,2026-05-11,426.82
INV-65AC811A85A,PRD-DE9CB1C2DE3,WH-0015,425,22,28,512,2026-05-23,404.17
INV-8D47227DD1E,PRD-9E2D0C669DF,WH-0010,2194,46,30,125,2026-06-22,97.78
INV-A7D93B6A4B6,PRD-9E2D0C669DF,WH-0009,4469,39,280,1333,2026-06-02,493.94
INV-7CF77340F7F,PRD-9E2D0C669DF,WH-0005,1259,28,165,91,2026-07-03,320.12
INV-ABAC8AF62D5,PRD-A484047B9E2,WH-0002,4058,39,56,1754,2026-06-30,355.17
INV-92A4CF6160F,PRD-A484047B9E2,WH-0013,3639,181,63,1582,2026-04-18,309.47
INV-914B9C7EEDB,PRD-A484047B9E2,WH-0010,695,108,405,1383,2026-07-05,497.97
INV-E88D1A64BC2,PRD-2EB30A0CE9D,WH-0005,3657,80,395,314,2026-05-09,232.17
INV-FB2876862E7,PRD-3D021A4E48D,WH-0009,1832,197,24,1283,2026-06-29,149.41
INV-792A48E0A5E,PRD-3D021A4E48D,WH-0011,2291,74,12,1087,2026-05-06,298.23
INV-B123E0CC3B8,PRD-3D021A4E48D,WH-0016,3198,63,467,1694,2026-05-27,119.6
INV-26F8B8037F6,PRD-1D46FAE1532,WH-0019,917,27,363,147,2026-04-15,410.85
INV-32B209C3AAC,PRD-C622EB7243A,WH-0016,2051,92,422,238,2026-05-24,470.96
INV-B1445A44D20,PRD-C63710B653A,WH-0019,463,70,345,1602,2026-04-30,174.84
INV-0AD57C25AE6,PRD-C63710B653A,WH-0005,2387,120,190,1935,2026-05-27,328.26
INV-C8923A2B172,PRD-FCCED195B30,WH-0002,1831,180,176,1095,2026-04-27,76.08
INV-6E29ADBA9E3,PRD-FCCED195B30,WH-0015,4948,75,10,1068,2026-06-30,65.68
INV-DA4BCD088A2,PRD-7D647F18941,WH-0015,618,54,220,648,2026-05-29,308.63
INV-60CF41D0341,PRD-7D647F18941,WH-0001,4496,128,384,1896,2026-07-10,109.03
INV-E8CF7645DF9,PRD-7D647F18941,WH-0019,4876,187,53,705,2026-05-26,165.21
INV-04BBF5095C1,PRD-1CB7EC41832,WH-0009,1845,58,498,1965,2026-06-24,298.39
INV-709D4516DB8,PRD-BF4053A9AED,WH-0008,2584,94,251,660,2026-06-18,376.13
INV-82D1F9C9F2F,PRD-BF4053A9AED,WH-0007,664,177,57,183,2026-05-25,94.84
INV-50B10A9CF7F,PRD-BF4053A9AED,WH-0011,1948,140,362,563,2026-04-18,29.64
INV-1078D750042,PRD-368EB2019A0,WH-0004,2971,150,50,217,2026-06-29,135.64
INV-F752F796827,PRD-10F0D89CBD4,WH-0015,1323,21,157,1477,2026-06-28,11.27
INV-ABF0DCA8C3E,PRD-10F0D89CBD4,WH-0017,1436,164,434,1308,2026-05-28,326.58
INV-08FC4713244,PRD-10F0D89CBD4,WH-0012,907,163,174,374,2026-07-04,158.24
INV-22D52740AE8,PRD-D5818DD2AF4,WH-0007,2034,140,315,806,2026-06-23,39.75
INV-BEAE6104432,PRD-CA411FE1D38,WH-0005,1728,57,298,1871,2026-07-02,390.43
INV-B7CA9CC8C2D,PRD-A93B4BDAC60,WH-0006,2918,100,325,1078,2026-07-09,327.92
INV-42F7FA0C374,PRD-A93B4BDAC60,WH-0017,2020,195,320,1851,2026-06-18,303.84
INV-3E1D1904421,PRD-BAA5FB9198F,WH-0020,3415,171,363,942,2026-07-09,482.9
INV-AEE8CCF2CFA,PRD-48ED7240370,WH-0019,4778,124,500,702,2026-05-23,279.58
INV-E18B418A0DF,PRD-48ED7240370,WH-0008,2514,27,109,1277,2026-05-13,306.26
INV-9AD57B5CD9B,PRD-48ED7240370,WH-0018,4427,27,204,211,2026-05-24,8.92
INV-279A72A7B92,PRD-BFB46BB958A,WH-0014,1616,88,265,1588,2026-05-09,276.26
INV-C154071E82F,PRD-BFB46BB958A,WH-0018,2369,46,491,1067,2026-05-05,83.73
INV-D09313C9A57,PRD-66D7F0535D2,WH-0018,674,84,196,1168,2026-06-22,356.95
INV-58DA982BFB9,PRD-8ABA08E8A41,WH-0013,3846,33,147,1918,2026-07-02,105.38
INV-2E76AD6009F,PRD-B24CB4A8AA1,WH-0009,4381,167,75,993,2026-06-28,433.66
INV-11FEF39F215,PRD-B24CB4A8AA1,WH-0012,2750,103,475,802,2026-07-10,309.69
INV-754D96EAB6E,PRD-B24CB4A8AA1,WH-0019,2329,75,114,1798,2026-06-27,453.39
INV-1E9E0E9B845,PRD-33BB71E96DB,WH-0010,2536,25,475,1402,2026-06-09,212.38
INV-0B26E23199B,PRD-A62A0C35773,WH-0005,3437,173,487,972,2026-05-06,451.04
INV-DD000E320E5,PRD-A62A0C35773,WH-0015,2599,80,457,1546,2026-07-02,188.7
INV-5DC317ECEEB,PRD-A62A0C35773,WH-0002,840,179,476,425,2026-06-20,167.13
INV-6BC0190BB2B,PRD-EEB34C14ACB,WH-0014,140,137,472,1274,2026-07-06,200.83
INV-4724E7C71A3,PRD-EEB34C14ACB,WH-0011,2042,64,356,1277,2026-06-13,108.12
INV-887DA6857F9,PRD-96D5D681B4D,WH-0017,4570,81,468,1168,2026-06-06,145.01
INV-4E41291D412,PRD-96D5D681B4D,WH-0004,4127,144,495,1442,2026-06-11,265.67
INV-75E6B7886BC,PRD-96D5D681B4D,WH-0005,4320,69,187,1649,2026-05-09,90.53
INV-2FA6EA46DF0,PRD-96D5D681B4D,WH-0012,1271,125,133,1901,2026-07-01,19.73
INV-2A9BB8881E0,PRD-243C6401C3D,WH-0016,1337,45,308,297,2026-04-16,257.31
INV-3BE26DAB7D2,PRD-243C6401C3D,WH-0011,3906,10,284,1500,2026-05-04,12.74
INV-58D13428709,PRD-243C6401C3D,WH-0013,380,68,450,1262,2026-06-25,217.73
INV-7BE1BBA2F67,PRD-243C6401C3D,WH-0005,4053,12,275,1390,2026-06-29,66.65
INV-ECBBF5E571C,PRD-94379C28760,WH-0004,3956,126,154,97,2026-06-11,78.32
INV-37BFD66B805,PRD-94379C28760,WH-0005,4526,138,47,804,2026-06-04,73.67
INV-829E655A953,PRD-94379C28760,WH-0018,2324,50,53,1098,2026-05-17,139.14
INV-049C7229E1C,PRD-94379C28760,WH-0007,1865,159,172,1508,2026-05-04,145.09
INV-C96F0F09048,PRD-459BD0B7D50,WH-0011,3428,13,340,510,2026-04-23,337.3
INV-E37D1C605CA,PRD-459BD0B7D50,WH-0002,4314,89,494,1485,2026-05-06,176.25
INV-9B45517577D,PRD-459BD0B7D50,WH-0005,1019,49,20,1449,2026-05-15,99.87
INV-99608323586,PRD-E963A62A2FD,WH-0019,2259,175,415,511,2026-06-04,11.67
INV-E15A2DE22F6,PRD-414906358A1,WH-0004,863,143,259,408,2026-04-22,361.96
INV-4FFE1C79E82,PRD-D9146A210BA,WH-0009,2816,6,165,1501,2026-06-06,7.75
INV-14BD2289DB4,PRD-86E9D618DF4,WH-0006,2125,36,216,1839,2026-04-27,250.21
INV-2DF971A3056,PRD-7C460C1BDA8,WH-0012,2625,162,387,1318,2026-05-17,20.0
INV-E4EBD69294D,PRD-624BE4C7311,WH-0003,2377,69,30,824,2026-05-14,130.89
INV-538E4772BB9,PRD-DDF970E9F24,WH-0009,4091,113,116,1031,2026-07-12,19.13
INV-6DF0F92E262,PRD-1CEED31644B,WH-0013,3982,139,137,709,2026-06-03,9.14
INV-A77ABED0C71,PRD-1CEED31644B,WH-0004,2798,56,407,837,2026-07-03,69.11
INV-5BADA193784,PRD-D4A7B8004A5,WH-0001,4949,174,306,1344,2026-07-03,153.97
INV-E16CE1A1317,PRD-48493ADDD8C,WH-0006,4865,16,287,1500,2026-06-09,118.46
INV-370DE3F62C6,PRD-16B91A4820F,WH-0018,4405,62,452,853,2026-05-29,255.6
INV-04528DED674,PRD-16B91A4820F,WH-0012,3095,13,31,90,2026-05-22,380.04
INV-460E5D6E7CF,PRD-16B91A4820F,WH-0005,4023,153,293,1677,2026-05-05,309.88
INV-1D1074AAC2F,PRD-CB99282C123,WH-0002,4182,68,379,1250,2026-06-03,445.78
INV-017A1CCC7A5,PRD-CB99282C123,WH-0012,1856,43,163,1956,2026-05-25,140.15
INV-DE5D74F0262,PRD-CB99282C123,WH-0007,3959,192,400,1478,2026-07-06,129.61
INV-53478FA8025,PRD-CB99282C123,WH-0014,2848,51,375,613,2026-06-07,471.1
INV-8765E33E421,PRD-1AA8FCAE9AA,WH-0003,4491,160,324,1988,2026-07-08,128.41
INV-7C92940D797,PRD-1AA8FCAE9AA,WH-0011,3981,38,112,1652,2026-07-02,429.98
INV-5727820D3E1,PRD-1AA8FCAE9AA,WH-0014,2799,33,424,448,2026-05-16,461.41
INV-2B42DD5C749,PRD-1AA8FCAE9AA,WH-0019,597,145,33,1754,2026-07-01,393.69
INV-AF8C8D7D676,PRD-FDD0E964611,WH-0003,3537,119,202,694,2026-06-23,19.87
INV-575CD7FFFEE,PRD-FDD0E964611,WH-0002,5000,110,367,613,2026-05-26,444.45
INV-D7CD0350EB4,PRD-FDD0E964611,WH-0014,1948,177,307,1724,2026-06-17,42.41
INV-5636E508A88,PRD-FDD0E964611,WH-0012,343,140,323,1026,2026-07-01,87.56
INV-42F64239D0B,PRD-D9AF34D4EEB,WH-0010,3368,123,300,1821,2026-04-24,492.92
INV-ACF1FC2A88D,PRD-D9AF34D4EEB,WH-0018,55,24,30,819,2026-04-20,132.58
INV-A03FF86F50A,PRD-D9AF34D4EEB,WH-0011,1657,70,23,1191,2026-06-29,441.28
INV-C58A0A6F269,PRD-859A71D37CD,WH-0015,553,86,129,643,2026-06-18,256.25
INV-3D0B1E2B829,PRD-859A71D37CD,WH-0001,2221,198,461,169,2026-04-26,239.04
INV-6ACC50B8748,PRD-859A71D37CD,WH-0010,4053,24,497,1284,2026-04-18,265.58
INV-CA5E2E83A57,PRD-BD57ACA813B,WH-0005,1793,124,110,699,2026-06-02,46.82
INV-B48603BFF65,PRD-1071908493C,WH-0017,729,7,293,669,2026-05-03,249.44
INV-70EE70E6FCD,PRD-71FCBFE1035,WH-0014,385,40,402,856,2026-07-08,176.62
INV-5AE99C11DC1,PRD-71FCBFE1035,WH-0002,720,3,401,595,2026-05-29,375.68
INV-5AE46824F35,PRD-71FCBFE1035,WH-0019,1958,113,347,965,2026-04-30,483.51
INV-203EA74A120,PRD-BF5D814F841,WH-0007,4815,55,317,1417,2026-05-02,265.91
INV-EB7047FDC06,PRD-BF5D814F841,WH-0006,527,73,179,462,2026-06-07,142.11
INV-79889C9E03A,PRD-BF5D814F841,WH-0018,1425,110,419,1798,2026-04-15,5.51
INV-47BE2491577,PRD-BF5D814F841,WH-0001,1061,27,320,1735,2026-06-09,2.75
INV-527985EED8F,PRD-0803EB5DD75,WH-0012,2275,133,118,224,2026-06-02,258.72
INV-3C39D8DC354,PRD-747EE5DFF2D,WH-0011,3582,127,402,1549,2026-05-07,159.61
INV-E382F17DBE0,PRD-747EE5DFF2D,WH-0006,3746,100,115,163,2026-06-27,227.22
INV-FD50A52C3CD,PRD-747EE5DFF2D,WH-0002,3237,33,496,1259,2026-06-28,438.62
INV-3111E42D5D9,PRD-3A967178472,WH-0014,164,158,153,1410,2026-07-03,9.48
INV-AE0D5923E11,PRD-3A967178472,WH-0007,2225,120,213,1528,2026-06-08,304.87
INV-E1691D0BCD6,PRD-F848ACB8074,WH-0008,1574,184,113,102,2026-06-19,414.21
INV-586F07298C0,PRD-5C6B2BF7086,WH-0014,3858,7,349,724,2026-06-14,294.67
INV-4DAA04AAED5,PRD-5C6B2BF7086,WH-0005,4832,198,140,1983,2026-06-25,304.77
INV-163E5DEEF3E,PRD-DE1A9541005,WH-0007,1375,82,14,350,2026-06-12,369.32
INV-4B4AF6285FE,PRD-DE1A9541005,WH-0008,1367,59,463,1651,2026-06-22,267.02
INV-A11BA73BF6B,PRD-C6D503104FF,WH-0006,1667,124,16,1008,2026-05-13,250.21
INV-C38AA902876,PRD-C6D503104FF,WH-0012,156,113,230,1130,2026-07-07,79.15
INV-2B0D978B7E2,PRD-C6D503104FF,WH-0018,73,13,427,1910,2026-05-03,125.36
INV-5B12E97A694,PRD-A44C0ED0006,WH-0016,4453,148,205,1699,2026-06-12,85.66
INV-7BB3D279F51,PRD-A44C0ED0006,WH-0004,4229,182,36,1860,2026-06-18,430.39
INV-8634788AAE9,PRD-A44C0ED0006,WH-0019,1861,28,236,284,2026-07-05,334.23
INV-9F8D6917070,PRD-821D3F8AF62,WH-0014,722,47,226,1012,2026-04-23,323.71
INV-1706E9986C0,PRD-98F5B90EADB,WH-0010,3787,161,10,1229,2026-06-26,207.26
INV-5C9847A2E52,PRD-6A25D45AD89,WH-0006,1463,93,266,505,2026-05-20,98.67
INV-4E38A560816,PRD-69042C1E9E9,WH-0007,386,39,364,585,2026-04-29,486.48
INV-3B79C4E9EF1,PRD-69042C1E9E9,WH-0002,1424,64,62,832,2026-05-09,324.87
INV-EEB73B17EB5,PRD-69042C1E9E9,WH-0020,4183,0,91,292,2026-07-04,79.16
INV-4F662B25B3F,PRD-69042C1E9E9,WH-0006,2559,173,238,1810,2026-06-27,357.06
INV-4CD8267401B,PRD-F9075ADB643,WH-0010,3639,49,99,1101,2026-06-06,108.12
INV-9B906125064,PRD-F9075ADB643,WH-0014,4040,133,210,1525,2026-06-30,359.19
INV-8C9DD6CC59E,PRD-F9075ADB643,WH-0019,2213,142,304,1248,2026-06-18,24.94
INV-3BFD3E1A0D4,PRD-F9075ADB643,WH-0001,821,36,269,107,2026-05-28,335.03
INV-363999668BC,PRD-5A43EFA3EC2,WH-0010,2185,96,436,352,2026-06-03,252.65
INV-2A2E4E16157,PRD-C6FA27D5314,WH-0009,3343,119,334,1158,2026-07-12,178.15
INV-959FA000146,PRD-FA2032B274D,WH-0007,4995,104,281,1119,2026-05-23,459.85
INV-A9CA22CA927,PRD-9A4674F165B,WH-0009,484,165,349,1933,2026-06-24,296.48
INV-46F30519B8B,PRD-78CE464C04E,WH-0015,2063,20,130,616,2026-04-19,189.45
INV-17911CC7CB8,PRD-98739DC101A,WH-0017,1952,45,43,1119,2026-05-07,252.75
INV-ADD6D8A969D,PRD-98739DC101A,WH-0009,385,161,437,556,2026-05-04,248.66
INV-05789B6A7F8,PRD-98739DC101A,WH-0006,3979,18,478,693,2026-06-18,49.73
INV-365CB99B844,PRD-98739DC101A,WH-0005,1073,29,68,1005,2026-05-13,163.4
INV-3D8A1CEE36E,PRD-F0A28C6B7B1,WH-0007,391,103,263,1148,2026-05-05,328.44
INV-AC41AD7E97E,PRD-F0A28C6B7B1,WH-0019,3359,182,326,1354,2026-04-26,480.43
INV-6735F703AAC,PRD-4869AF45069,WH-0001,4917,82,133,329,2026-06-16,222.17
INV-70038C4C8E6,PRD-AFBCEED0178,WH-0012,1641,88,91,1592,2026-04-17,243.23
INV-382CC2D4839,PRD-AFBCEED0178,WH-0016,2508,60,97,1038,2026-07-08,226.48
INV-18EF6CE5655,PRD-04E6D08CF9B,WH-0014,712,19,130,501,2026-05-27,469.53
INV-3A6A80F1FBF,PRD-04E6D08CF9B,WH-0013,650,0,242,1184,2026-05-02,299.81
INV-7DD86400F74,PRD-04E6D08CF9B,WH-0016,4492,9,69,1894,2026-05-09,385.23
INV-9356F7958D7,PRD-04E6D08CF9B,WH-0003,4255,92,102,463,2026-04-29,220.96
INV-041B9C7EED3,PRD-E149E758C05,WH-0012,2899,63,460,1434,2026-06-21,284.01
INV-3E43561058F,PRD-E149E758C05,WH-0015,4109,1,315,1181,2026-04-17,354.26
INV-A39517097D6,PRD-E149E758C05,WH-0017,1027,148,349,434,2026-07-04,255.57
INV-39AB21D11AF,PRD-E149E758C05,WH-0010,3905,143,206,1168,2026-07-05,459.51
INV-331755CDC1B,PRD-EDAC339D6DE,WH-0009,2674,104,90,1987,2026-05-30,28.06
INV-62F73CA94A2,PRD-08144A69067,WH-0017,1337,34,377,642,2026-05-01,247.44
INV-DA3942FEAAC,PRD-08144A69067,WH-0020,457,65,438,1144,2026-05-09,364.3
INV-5859C0CE89C,PRD-08144A69067,WH-0001,3716,180,289,1852,2026-05-20,473.45
INV-98D61D57D7D,PRD-08144A69067,WH-0016,3466,21,302,830,2026-04-20,366.81
INV-FE3919C9228,PRD-E6A880F5BB2,WH-0015,2254,89,397,1638,2026-06-04,227.29
INV-CF02DEC96FC,PRD-7994F9A5686,WH-0017,170,154,249,1619,2026-04-19,230.29
INV-5D547768FD9,PRD-7994F9A5686,WH-0020,263,196,236,506,2026-05-23,144.94
INV-A51114DD01B,PRD-7994F9A5686,WH-0018,1652,185,430,289,2026-07-04,241.32
INV-9D551848FA7,PRD-436BDD3926B,WH-0007,3996,86,445,1006,2026-07-12,245.72
INV-5817816782B,PRD-436BDD3926B,WH-0012,4512,100,259,1054,2026-05-25,58.45
INV-4066BF0E8D2,PRD-436BDD3926B,WH-0006,2263,109,236,947,2026-06-26,413.75
INV-617F89F677C,PRD-E18FB5F975F,WH-0008,3613,118,279,460,2026-05-22,270.89
INV-464CF1BF165,PRD-E18FB5F975F,WH-0019,2972,1,89,965,2026-05-24,276.45
INV-1A97BFD40E3,PRD-E18FB5F975F,WH-0017,3704,77,220,605,2026-05-31,483.26
INV-794A1954CE6,PRD-E92BAFDDB75,WH-0003,1089,146,12,820,2026-06-29,300.63
INV-AD765A26C2B,PRD-E92BAFDDB75,WH-0001,1381,19,118,995,2026-04-26,347.84
INV-6B08AADE17E,PRD-E92BAFDDB75,WH-0004,595,20,228,473,2026-07-11,425.44
INV-90FD932E5AD,PRD-E92BAFDDB75,WH-0017,2768,187,132,842,2026-05-06,72.73
INV-279E1CBA35E,PRD-F1F40BABC82,WH-0010,3694,125,51,1985,2026-04-18,129.58
INV-8340980C113,PRD-F1F40BABC82,WH-0006,4725,75,106,255,2026-06-16,21.27
INV-6F0C68281E9,PRD-1B3391AFC0C,WH-0017,4811,175,161,1974,2026-06-08,108.65
INV-379AC37B299,PRD-1B3391AFC0C,WH-0006,1588,176,231,585,2026-04-17,485.42
INV-DC1F2842213,PRD-1B3391AFC0C,WH-0003,1954,16,201,287,2026-06-27,114.32
INV-3952BF67D41,PRD-1B3391AFC0C,WH-0001,2042,160,458,1214,2026-07-03,154.31
INV-6F7ED82057B,PRD-CA91139CB48,WH-0001,2474,95,47,240,2026-06-13,434.19
INV-D7FDCBF1B75,PRD-CA91139CB48,WH-0005,2897,71,356,1345,2026-07-11,169.58
INV-2D5FE4B981A,PRD-61147782A58,WH-0002,173,98,273,523,2026-05-18,146.41
INV-A3C73977DB2,PRD-61147782A58,WH-0009,9,6,384,417,2026-05-28,345.88
INV-6437CF76577,PRD-A1B90AE5FD9,WH-0011,1960,133,293,1820,2026-04-22,340.63
INV-BF00B73AAA5,PRD-A1B90AE5FD9,WH-0013,4560,130,208,905,2026-07-12,71.66
INV-59674940FF2,PRD-2540282048F,WH-0004,2174,4,182,170,2026-05-21,264.68
INV-4240207049B,PRD-2540282048F,WH-0018,2419,119,74,928,2026-06-20,429.81
INV-D4B5E802B38,PRD-2540282048F,WH-0003,4158,72,32,336,2026-05-23,148.3
INV-D9675E6E4AA,PRD-04E730AB846,WH-0003,1787,179,10,734,2026-05-15,110.85
INV-E6C75C6A41C,PRD-04E730AB846,WH-0015,1983,168,110,1181,2026-05-08,304.9
INV-5B16D0F939C,PRD-04E730AB846,WH-0012,1408,127,175,998,2026-07-09,261.99
INV-B223350BC82,PRD-F34F70980FA,WH-0001,603,31,206,772,2026-06-19,81.2
INV-BFD6D6DC603,PRD-F34F70980FA,WH-0015,2262,53,61,1389,2026-05-11,234.5
INV-66570361F87,PRD-45F6AD4131E,WH-0001,4632,25,449,1858,2026-07-13,225.38
INV-1BD31AB5FBA,PRD-45F6AD4131E,WH-0011,2806,155,80,1371,2026-06-11,169.27
INV-A02D652D7E3,PRD-A318170973B,WH-0015,3807,25,377,1760,2026-07-01,131.92
INV-0310679B913,PRD-A318170973B,WH-0012,3221,140,355,93,2026-04-27,447.03
INV-95369575099,PRD-A318170973B,WH-0002,4086,197,102,1037,2026-04-21,220.44
INV-ECD61001968,PRD-9D5CFAD9297,WH-0006,3556,3,229,1564,2026-06-20,133.7
INV-9C23A9AA277,PRD-4F4B988DD1D,WH-0009,298,40,168,984,2026-05-07,4.16
INV-74C26A365A6,PRD-4F4B988DD1D,WH-0017,3431,47,318,1453,2026-05-03,408.56
INV-E06732F133B,PRD-C118EAAFCBA,WH-0019,189,115,110,1119,2026-05-30,262.61
INV-6F523D16A51,PRD-C118EAAFCBA,WH-0004,3483,100,195,1226,2026-04-21,428.83
INV-DA89E2E932F,PRD-C118EAAFCBA,WH-0005,1662,11,472,1046,2026-05-18,181.97
INV-4BD20B74327,PRD-C118EAAFCBA,WH-0013,3651,85,38,737,2026-07-01,347.41
INV-8DF7BACF7BD,PRD-FDE2B238EC9,WH-0003,4510,177,180,1572,2026-06-24,468.13
INV-A8AE12D3992,PRD-12FA5DF3650,WH-0016,3567,99,391,622,2026-05-22,384.9
INV-F4A38477681,PRD-12FA5DF3650,WH-0019,3371,183,228,1503,2026-05-05,372.24
INV-721C2100F75,PRD-12FA5DF3650,WH-0010,630,146,166,573,2026-05-21,187.86
INV-6DEC1A82669,PRD-5DFAD7DDF08,WH-0018,4435,126,179,1922,2026-06-29,79.82
INV-0422E6BAF89,PRD-5DFAD7DDF08,WH-0010,2500,191,131,1447,2026-04-24,208.58
INV-4AAD62EBBA7,PRD-5DFAD7DDF08,WH-0007,3279,111,94,183,2026-07-03,27.08
INV-8700E3D138A,PRD-12897ED2F15,WH-0018,1275,39,356,1041,2026-04-28,295.65
INV-2CAC010D68C,PRD-12897ED2F15,WH-0020,4411,96,104,247,2026-05-08,474.93
INV-F94687770DA,PRD-0B077B29013,WH-0005,2961,154,256,974,2026-06-07,437.05
INV-217C1ECE1A7,PRD-0B077B29013,WH-0008,2257,51,298,1432,2026-06-11,130.71
INV-E1B7ADA7AD2,PRD-0B077B29013,WH-0019,3371,146,480,964,2026-06-01,332.08
INV-173C2C50BBD,PRD-FE9F6094BD0,WH-0005,3327,116,146,1074,2026-06-21,122.47
INV-0A3FB6CFF3A,PRD-08607BE186A,WH-0008,1206,123,93,1208,2026-06-08,453.59
INV-33AC44262BB,PRD-08607BE186A,WH-0014,1302,59,369,1042,2026-05-28,371.44
INV-032D4F98EB9,PRD-08607BE186A,WH-0001,1308,131,447,324,2026-04-25,374.61
INV-26060FCF4A9,PRD-08607BE186A,WH-0009,1302,95,77,1371,2026-05-13,204.14
INV-1F5373BA691,PRD-ED75B7CB69A,WH-0009,1097,40,269,991,2026-05-01,86.05
INV-7B4953F7433,PRD-204AB1D2AEF,WH-0004,2225,13,88,187,2026-06-20,380.84
INV-564DE63D137,PRD-204AB1D2AEF,WH-0008,3159,55,169,642,2026-05-05,235.11
INV-8525F088798,PRD-D39FD97F748,WH-0001,4882,39,134,1872,2026-05-04,55.85
INV-F2270E54EB8,PRD-C6770FCB316,WH-0019,4524,129,332,264,2026-07-05,115.89
INV-88F0313632C,PRD-C6770FCB316,WH-0020,3305,15,127,1704,2026-05-25,48.6
INV-4E03BE613FA,PRD-D073B747D73,WH-0017,4413,63,22,301,2026-07-04,464.0
INV-138FB5E2575,PRD-D073B747D73,WH-0011,1020,46,398,1660,2026-04-19,465.15
INV-04527250BD1,PRD-C98D918A4C7,WH-0019,3516,200,307,977,2026-06-02,225.23
INV-FE40F89DE2E,PRD-C98D918A4C7,WH-0020,4232,141,152,1430,2026-05-10,332.12
INV-2A274DFD8E3,PRD-98547737F31,WH-0006,984,110,448,1078,2026-05-15,484.99
INV-1687419C637,PRD-413F049ECA0,WH-0003,712,145,179,531,2026-06-26,458.9
INV-77AC0B24F82,PRD-F946DC3E558,WH-0016,2048,26,491,1110,2026-05-10,85.64
INV-E18168BD00A,PRD-F946DC3E558,WH-0018,1377,83,84,1455,2026-04-19,219.71
INV-7CCDF535E7C,PRD-F946DC3E558,WH-0015,1300,124,38,131,2026-06-11,361.26
INV-EECB3D86B89,PRD-F946DC3E558,WH-0012,3386,25,150,1167,2026-06-08,69.68
INV-9E93B307AE3,PRD-40F4ED3748D,WH-0020,719,146,264,587,2026-05-06,39.27
INV-F911D4FF267,PRD-40F4ED3748D,WH-0001,3645,176,131,969,2026-06-06,266.25
INV-2D6A713E379,PRD-40F4ED3748D,WH-0010,1442,91,224,738,2026-06-19,453.82
INV-EE0DC676457,PRD-3E75B6F6A0E,WH-0016,2688,98,24,534,2026-04-25,116.55
INV-95D84CA5182,PRD-3E75B6F6A0E,WH-0008,4318,94,19,349,2026-04-29,481.24
INV-5B05B3FEF20,PRD-3E75B6F6A0E,WH-0006,1843,115,331,1507,2026-04-17,289.09
INV-A07D8BFBE0D,PRD-3E75B6F6A0E,WH-0020,3717,18,216,1406,2026-05-13,105.62
INV-18BC4B88B10,PRD-0A978FF10F4,WH-0009,3780,180,454,1706,2026-05-28,195.02
INV-4D754D754A6,PRD-64D412BA61F,WH-0012,110,24,295,1097,2026-05-06,372.78
INV-7BEE88965BF,PRD-B15157EF393,WH-0017,2566,25,482,759,2026-04-19,77.64
INV-792D024B77F,PRD-B15157EF393,WH-0003,1021,100,397,507,2026-05-22,333.77
INV-477B26DC037,PRD-B15157EF393,WH-0018,4633,75,255,1122,2026-05-26,272.63
INV-7FA434E25F0,PRD-1CBC45677DE,WH-0003,4134,54,68,335,2026-06-28,141.35
INV-1B4D60FAE8C,PRD-1CBC45677DE,WH-0010,896,73,221,78,2026-04-27,14.37
INV-309314ECADB,PRD-1CBC45677DE,WH-0009,1340,185,225,1134,2026-05-24,98.22
INV-0DA3449D66D,PRD-773AA540DDD,WH-0016,392,96,425,502,2026-04-16,474.08
INV-9429075DAAF,PRD-773AA540DDD,WH-0008,1103,124,292,1654,2026-04-21,342.18
INV-C5B400C40DA,PRD-D836C0CFFEF,WH-0007,2354,143,455,1298,2026-05-10,196.83
INV-485CDDFAB14,PRD-D836C0CFFEF,WH-0001,307,100,312,942,2026-05-01,71.88
INV-5D15A36CC6B,PRD-D836C0CFFEF,WH-0019,1765,45,216,1797,2026-05-24,487.18
INV-63ED7CD74F1,PRD-4B2AE348E5C,WH-0019,1355,1,99,1828,2026-07-08,273.31
INV-22510B1CA48,PRD-4B2AE348E5C,WH-0006,4777,98,391,819,2026-05-10,449.16
INV-26D83BC5629,PRD-4B2AE348E5C,WH-0008,552,138,337,752,2026-06-24,117.99
INV-599B9F393C1,PRD-4B2AE348E5C,WH-0017,1373,13,433,1947,2026-06-24,267.46
INV-0D82F022601,PRD-40519A2914C,WH-0003,4834,64,171,1275,2026-07-07,101.42
INV-E32B408D1E2,PRD-40519A2914C,WH-0007,2417,53,341,1581,2026-05-06,281.54
INV-06E062E35FC,PRD-2F1D3E8CB1F,WH-0018,540,11,422,1667,2026-05-16,70.84
INV-90569D9CB7F,PRD-2F1D3E8CB1F,WH-0017,4962,32,371,1897,2026-06-03,246.43
INV-98B5F54FD56,PRD-A73AA407960,WH-0018,3894,27,120,1688,2026-04-26,318.47
INV-8472062726F,PRD-DE92541DEE5,WH-0007,992,161,371,1592,2026-05-11,116.55
INV-95078352A6D,PRD-334ABFE0A17,WH-0001,1656,88,177,965,2026-04-18,196.31
INV-1EA8E483EF1,PRD-334ABFE0A17,WH-0013,4801,112,486,512,2026-05-20,364.69
INV-4DDF36B731E,PRD-13A9352AC2F,WH-0019,2531,22,332,826,2026-06-11,466.37
INV-113C278B939,PRD-13A9352AC2F,WH-0018,4423,195,472,1319,2026-05-18,202.95
INV-CBC8772016B,PRD-13A9352AC2F,WH-0009,4127,103,431,823,2026-04-22,88.06
INV-5EE4A778025,PRD-13A9352AC2F,WH-0002,4961,72,77,612,2026-06-14,344.26
INV-A7235437945,PRD-49CC3250C8C,WH-0008,330,172,227,604,2026-06-27,127.48
INV-A7C69926655,PRD-49CC3250C8C,WH-0002,2437,92,243,719,2026-07-12,287.24
INV-0883D12E180,PRD-49CC3250C8C,WH-0015,1846,68,291,1985,2026-04-25,358.21
INV-58DF0B0850E,PRD-4A5714F8DD1,WH-0001,1788,27,224,1538,2026-06-08,366.25
INV-4BED33D4EC1,PRD-4A5714F8DD1,WH-0009,4166,120,349,838,2026-04-19,496.43
INV-56BC532F322,PRD-4A5714F8DD1,WH-0017,3828,182,431,1625,2026-06-22,344.72
INV-1665B88529B,PRD-4A5714F8DD1,WH-0014,809,148,366,225,2026-04-21,228.01
INV-75446E4AF42,PRD-DE3B88C4A5D,WH-0006,3215,22,361,1239,2026-05-15,64.22
INV-D50CF0009D4,PRD-DE3B88C4A5D,WH-0020,4459,90,299,372,2026-05-01,195.79
INV-00E724A341A,PRD-DE3B88C4A5D,WH-0002,967,20,17,717,2026-05-24,279.75
INV-D1CBEA3E602,PRD-55452139396,WH-0009,474,95,403,885,2026-04-24,130.03
INV-E98AFF4F297,PRD-55452139396,WH-0010,1464,91,350,417,2026-05-19,264.03
INV-1D9599D70BB,PRD-55452139396,WH-0012,4643,186,391,190,2026-04-20,399.27
INV-B8363F606C6,PRD-398F8A01A8D,WH-0004,3222,67,171,1270,2026-05-18,217.6
INV-1A49DC92FC1,PRD-398F8A01A8D,WH-0003,1481,70,474,1838,2026-06-02,272.39
INV-060749FFC4C,PRD-398F8A01A8D,WH-0012,1106,186,257,1130,2026-04-22,352.69
INV-C68FD02C0BD,PRD-398F8A01A8D,WH-0010,1719,94,441,1408,2026-06-03,73.65
INV-42D77D290B4,PRD-02BA80CF4C9,WH-0008,245,130,372,789,2026-06-19,405.15
INV-54760AB60C4,PRD-54B1D8F1929,WH-0008,4822,43,30,640,2026-06-04,185.36
INV-22648AB7320,PRD-EBBA97BCEF6,WH-0002,3649,150,406,1938,2026-04-23,440.77
INV-8C595BD7A9E,PRD-EBBA97BCEF6,WH-0018,2273,43,86,916,2026-05-14,184.15
INV-2C181BF0DE8,PRD-EBBA97BCEF6,WH-0006,1157,106,98,183,2026-07-12,262.32
INV-032ECD56C4D,PRD-EBBA97BCEF6,WH-0013,3849,162,109,1281,2026-06-16,1.41
INV-46A3F71CA69,PRD-A0F8131D883,WH-0010,532,159,83,1880,2026-04-30,430.75
INV-5070B8CD288,PRD-A0F8131D883,WH-0008,3095,170,15,550,2026-05-20,236.94
INV-E9EE33AB652,PRD-A0F8131D883,WH-0019,631,33,351,1927,2026-07-04,107.56
INV-894955CBF74,PRD-A0F8131D883,WH-0001,4780,143,144,1937,2026-06-09,393.98
INV-6BF74EA25C0,PRD-F4217BF3EA5,WH-0004,908,168,115,1414,2026-04-20,471.15
INV-D5486238051,PRD-61EF21BFEE8,WH-0007,370,117,454,594,2026-06-05,267.04
INV-A6E4518BB6B,PRD-61EF21BFEE8,WH-0005,656,136,333,1069,2026-05-26,74.03
INV-25EE40442E0,PRD-61EF21BFEE8,WH-0016,2127,162,498,1706,2026-06-18,419.84
INV-0DDB11FA60E,PRD-61EF21BFEE8,WH-0010,987,159,437,1188,2026-06-29,492.5
INV-F72293CF693,PRD-29378C59BA8,WH-0001,4282,19,13,1097,2026-05-17,284.66
INV-CAF42256930,PRD-29378C59BA8,WH-0005,2976,192,451,469,2026-07-08,367.62
INV-29890206713,PRD-29378C59BA8,WH-0016,4564,127,119,1012,2026-04-22,335.49
INV-71C0427AC7D,PRD-9C28ED05F9E,WH-0001,3485,153,204,1812,2026-07-06,134.19
INV-D6C58D2CFC1,PRD-AEDEE132129,WH-0017,1764,24,288,1250,2026-04-28,22.75
INV-792772046AC,PRD-AEDEE132129,WH-0009,966,90,495,144,2026-07-07,134.36
INV-EE28C55ACBF,PRD-AEDEE132129,WH-0015,3644,174,202,1998,2026-04-17,230.92
INV-186D2C390C0,PRD-AEDEE132129,WH-0002,469,64,483,1155,2026-04-19,102.35
INV-6D3D27D9930,PRD-5E85A6D573B,WH-0006,4083,56,195,695,2026-04-20,356.87
INV-17D007F5114,PRD-5E85A6D573B,WH-0017,4912,19,98,674,2026-04-29,266.91
INV-47D0A740819,PRD-5E85A6D573B,WH-0004,2025,55,325,1848,2026-06-26,207.03
INV-7C412DC8E97,PRD-5E85A6D573B,WH-0001,1218,95,197,130,2026-06-28,448.83
INV-1A0E5BDAD1F,PRD-3F1B2652A81,WH-0006,943,77,364,130,2026-04-18,122.99
INV-4655F3F7857,PRD-3F1B2652A81,WH-0013,4787,152,14,970,2026-05-04,289.3
INV-33F10F2C048,PRD-308FBE1E5E1,WH-0003,3479,38,351,872,2026-06-04,478.93
INV-F8794DAA61C,PRD-308FBE1E5E1,WH-0020,4389,89,98,849,2026-04-21,70.25
INV-FE56F27B450,PRD-308FBE1E5E1,WH-0004,2585,187,442,1207,2026-07-03,446.68
INV-A8E83CB8207,PRD-308FBE1E5E1,WH-0007,846,4,167,1960,2026-06-16,456.12
INV-D32B3489DCA,PRD-E175D2C5CFF,WH-0004,4061,77,345,1797,2026-05-22,442.17
INV-39583DD0E50,PRD-E175D2C5CFF,WH-0001,4336,43,147,1938,2026-05-18,361.52
INV-A2E12804450,PRD-A998913A1F8,WH-0011,2710,190,228,1924,2026-06-27,344.62
INV-976E29950FD,PRD-A998913A1F8,WH-0008,3984,162,148,284,2026-06-28,435.66
INV-0E53B0A7F4C,PRD-7C20B555C90,WH-0018,926,145,257,848,2026-05-16,149.54
INV-795CBB0B207,PRD-7C20B555C90,WH-0008,462,153,47,1717,2026-05-07,215.21
INV-A9E740DA7A9,PRD-7C20B555C90,WH-0005,608,159,299,1106,2026-04-26,340.97
INV-456EC025E1A,PRD-A4A04CF1AF1,WH-0001,1495,121,397,978,2026-06-16,172.38
INV-6E24BB58758,PRD-A4A04CF1AF1,WH-0015,3069,40,379,1257,2026-07-13,147.94
INV-512EC1ED97D,PRD-C9DB13F447B,WH-0006,1645,62,64,1436,2026-05-29,411.63
INV-A6F557000BC,PRD-C9DB13F447B,WH-0019,612,44,326,1638,2026-06-25,426.42
INV-F581829AA1D,PRD-C9DB13F447B,WH-0012,370,100,341,524,2026-05-26,129.32
INV-D3CEA4F78FC,PRD-14F1A3FC9EF,WH-0003,2195,175,92,1751,2026-06-11,462.92
INV-872B78CDA57,PRD-14F1A3FC9EF,WH-0007,4279,162,324,752,2026-06-13,93.46
INV-57278F71F12,PRD-14F1A3FC9EF,WH-0008,1677,91,251,977,2026-04-23,455.33
INV-B83D033296F,PRD-14F1A3FC9EF,WH-0020,235,89,397,787,2026-05-31,44.84
INV-E3352D2A382,PRD-7BDE9884922,WH-0014,4652,20,40,697,2026-05-22,470.58
INV-E20A2C075E0,PRD-7BDE9884922,WH-0020,3566,191,225,361,2026-04-21,378.61
INV-B36D6E4C1F6,PRD-7BDE9884922,WH-0008,458,36,424,1516,2026-05-11,85.53
INV-80A3A6483DC,PRD-BBE25A96B13,WH-0015,4138,69,20,466,2026-06-01,411.79
INV-5A866EAA4EB,PRD-BBE25A96B13,WH-0011,3735,120,398,540,2026-05-27,316.04
INV-95E7DBE18D6,PRD-BBE25A96B13,WH-0013,4918,61,141,174,2026-05-28,470.04
INV-A77EB24DA96,PRD-BBE25A96B13,WH-0014,4551,170,276,1524,2026-06-02,27.62
INV-91673676B52,PRD-286A6FC37EE,WH-0012,692,197,272,1331,2026-05-17,445.08
INV-4932168BB20,PRD-286A6FC37EE,WH-0019,1715,132,68,1608,2026-04-22,143.71
INV-60964815EE1,PRD-286A6FC37EE,WH-0003,2960,31,45,635,2026-06-26,467.11
INV-A91BB20192E,PRD-F296087E33C,WH-0010,3503,9,195,1549,2026-05-25,251.2
INV-EEA0ED0DF29,PRD-7C0F3E8FC2D,WH-0001,3120,74,245,1190,2026-07-10,366.96
INV-AF3F04D4E2B,PRD-7C0F3E8FC2D,WH-0006,881,52,354,1643,2026-07-06,378.82
INV-8855CFE4A47,PRD-856CD9E406D,WH-0011,744,76,415,1342,2026-06-07,289.46
INV-F227300D1A4,PRD-856CD9E406D,WH-0007,4822,99,81,323,2026-05-02,267.6
INV-E2A5C874BE2,PRD-856CD9E406D,WH-0010,1102,184,271,974,2026-04-20,468.14
INV-3FEF326C6CE,PRD-9F140144BD8,WH-0008,3972,91,74,1515,2026-07-11,383.03
INV-80C33C64050,PRD-9F140144BD8,WH-0013,66,44,171,295,2026-06-13,220.38
INV-B0E21B977C7,PRD-9F140144BD8,WH-0003,1492,194,94,274,2026-04-29,398.74
INV-87CF0288C7C,PRD-9B0D99AD5DF,WH-0009,2687,164,466,1424,2026-05-09,278.99
INV-E7FA769BE52,PRD-5596653D478,WH-0003,4558,179,295,712,2026-07-08,204.74
INV-2AC852BB27A,PRD-865D65A369B,WH-0013,4744,42,168,921,2026-07-03,145.33
INV-94B207CC948,PRD-766A4F984D6,WH-0015,269,76,175,1589,2026-06-27,109.09
INV-C067F14C613,PRD-766A4F984D6,WH-0005,2514,187,429,1186,2026-05-02,382.52
INV-1BF42ACACFE,PRD-766A4F984D6,WH-0019,2575,199,189,84,2026-05-18,172.39
INV-DC6E469B935,PRD-A45D34B4BC6,WH-0003,750,168,368,230,2026-06-02,53.89
INV-3BFF8A887E4,PRD-A45D34B4BC6,WH-0011,2235,180,437,105,2026-06-08,475.68
INV-4D70926B9B0,PRD-A45D34B4BC6,WH-0015,1343,135,184,1325,2026-06-16,148.65
INV-C636BEC0723,PRD-A45D34B4BC6,WH-0006,2707,63,366,1966,2026-05-07,52.37
INV-CCFBB945BA6,PRD-9AC0ABBF02E,WH-0016,4811,194,458,1719,2026-05-19,477.86
INV-CCBCEF5D73A,PRD-9AC0ABBF02E,WH-0018,268,101,176,166,2026-05-21,141.93
INV-2C88382F255,PRD-9AC0ABBF02E,WH-0009,4078,151,50,1062,2026-05-27,285.99
INV-267A609343B,PRD-9AC0ABBF02E,WH-0014,333,53,179,563,2026-06-01,239.09
INV-2D9CA36075B,PRD-EE515342533,WH-0013,48,8,331,1381,2026-04-21,319.43
INV-4C84C8BA051,PRD-EE515342533,WH-0010,1346,14,292,1365,2026-04-29,300.72
INV-9E2FF5402B4,PRD-EE515342533,WH-0015,4961,105,86,269,2026-04-30,325.06
INV-5E60B150E82,PRD-EE515342533,WH-0007,4346,40,88,1646,2026-06-21,434.32
INV-A0C7089FBE1,PRD-79D732FFBAE,WH-0011,4855,17,76,921,2026-07-09,161.92
INV-3AC130F0648,PRD-79D732FFBAE,WH-0020,2264,15,316,880,2026-06-18,40.29
INV-B1204770759,PRD-1ADDB667CE6,WH-0018,699,106,141,1799,2026-06-18,408.53
INV-BDC23B28C2C,PRD-1ADDB667CE6,WH-0020,390,108,359,161,2026-05-12,455.21
INV-8BD772E82A6,PRD-1ADDB667CE6,WH-0007,2932,111,283,972,2026-06-27,119.56
INV-9A5A1FC61AB,PRD-1ADDB667CE6,WH-0014,1373,195,438,673,2026-06-16,74.46
INV-2DB6990EE1A,PRD-3BE1153F6B8,WH-0014,4652,88,189,1052,2026-05-24,340.96
INV-073F726BD8C,PRD-3BE1153F6B8,WH-0006,3571,58,288,1075,2026-06-29,496.58
INV-86B231B36E4,PRD-3BE1153F6B8,WH-0019,2288,100,139,1572,2026-05-17,385.82
INV-A1D27F745BC,PRD-3BE1153F6B8,WH-0001,2588,42,478,465,2026-06-12,278.86
INV-B545EB47E4F,PRD-DEECEE995E3,WH-0009,581,182,427,125,2026-06-07,127.4
INV-7D70C28CD1D,PRD-DEECEE995E3,WH-0016,4630,118,56,1752,2026-06-27,438.03
INV-F93E2B8C15F,PRD-8C25E265741,WH-0001,3064,116,446,161,2026-05-18,415.11
INV-16CDF7C0570,PRD-8C25E265741,WH-0018,1868,183,462,1464,2026-07-07,209.97
INV-1DB9AAEEE55,PRD-8C25E265741,WH-0016,3967,8,230,896,2026-04-25,256.66
INV-B8224FC0BA4,PRD-8C25E265741,WH-0019,1438,168,400,1836,2026-04-26,311.74
INV-FBAD8F63AEF,PRD-3323C57D152,WH-0010,2507,118,206,103,2026-05-16,81.88
INV-AF8E3DBBBB0,PRD-3323C57D152,WH-0009,4391,70,187,248,2026-05-15,356.76
INV-6C84C8B1CE6,PRD-92C81437BDE,WH-0001,236,21,287,1551,2026-06-25,74.06
INV-80223E81B00,PRD-92C81437BDE,WH-0017,4158,29,381,664,2026-06-23,289.51
INV-CE18A2971B0,PRD-92C81437BDE,WH-0002,2970,30,333,879,2026-05-14,287.24
INV-224F809A2A0,PRD-92C81437BDE,WH-0003,333,179,355,1455,2026-07-07,312.12
INV-AF243EE2E14,PRD-A24FE04DBBB,WH-0018,376,103,478,683,2026-06-28,408.29
INV-A48D6D4C593,PRD-A24FE04DBBB,WH-0004,4777,36,251,950,2026-06-06,464.04
INV-876CFDBFBC9,PRD-36151F6F248,WH-0013,4898,61,28,1582,2026-07-05,88.03
INV-4F008D64D34,PRD-36151F6F248,WH-0017,3627,134,278,1236,2026-04-30,392.89
INV-0E73EC1D658,PRD-36151F6F248,WH-0011,2887,86,324,514,2026-06-07,93.82
INV-2D498040A80,PRD-36151F6F248,WH-0008,3218,27,490,1362,2026-05-19,349.62
INV-0922E5FC038,PRD-062220235DB,WH-0002,3429,195,299,760,2026-04-23,132.22
INV-5D68DA88835,PRD-FD9F316E679,WH-0009,2098,15,415,887,2026-06-11,458.75
INV-F07FD24100C,PRD-FD9F316E679,WH-0020,302,102,274,1670,2026-06-17,151.56
INV-8AB6FD934F6,PRD-FD9F316E679,WH-0014,4757,22,177,1531,2026-04-22,302.57
INV-8C69D3B99B8,PRD-FD9F316E679,WH-0019,267,75,98,304,2026-06-24,417.76
INV-DE68CF66D8C,PRD-8393F95B6CA,WH-0004,1260,81,474,1236,2026-07-10,206.41
INV-FF3F5622CDA,PRD-8393F95B6CA,WH-0015,2972,33,495,802,2026-04-15,471.87
INV-DF94B924B96,PRD-FA4DDFFF885,WH-0013,2060,176,335,748,2026-05-31,31.84
INV-D1A28B2B44C,PRD-FA4DDFFF885,WH-0015,2076,156,251,610,2026-04-29,464.86
INV-1F9D927FA38,PRD-FA4DDFFF885,WH-0019,718,66,231,189,2026-05-06,299.83
INV-11C45A44901,PRD-FA4DDFFF885,WH-0020,4929,31,446,1961,2026-06-06,52.04
INV-08B3464C99F,PRD-8CC3E866ABB,WH-0016,1322,61,165,288,2026-06-12,298.5
INV-529ECF346B3,PRD-8CC3E866ABB,WH-0003,4131,41,365,176,2026-07-02,299.57
INV-01BF400C2B2,PRD-8CC3E866ABB,WH-0008,4951,156,451,847,2026-05-11,55.95
INV-2897E56A53B,PRD-D30F87186EA,WH-0013,2866,126,114,1176,2026-06-10,274.47
INV-253DCC47E1C,PRD-D30F87186EA,WH-0017,2740,37,294,976,2026-06-15,305.57
INV-13FB18CC04A,PRD-F8E9DDB469C,WH-0014,1257,43,16,1823,2026-04-20,37.87
INV-1EC55BF3FBA,PRD-F8E9DDB469C,WH-0002,3617,143,371,1143,2026-05-18,244.55
INV-5BDED24C7F5,PRD-14D51F4E8F5,WH-0013,4137,90,338,619,2026-05-30,105.84
INV-A1701F83B39,PRD-14D51F4E8F5,WH-0009,137,95,84,1769,2026-05-28,168.3
INV-0438CAD9F50,PRD-14D51F4E8F5,WH-0020,4563,135,78,1073,2026-05-28,339.45
INV-7DF97EA60E9,PRD-14D51F4E8F5,WH-0011,3408,186,170,671,2026-06-07,437.55
INV-56236826589,PRD-3812C50932D,WH-0016,1560,177,257,623,2026-04-15,371.45
INV-0002C9183C2,PRD-3812C50932D,WH-0012,1130,39,136,1542,2026-05-13,396.44
INV-FC27CD72F1D,PRD-6397A5CE27C,WH-0007,3409,40,158,799,2026-06-17,40.52
INV-D9052E4AF78,PRD-6397A5CE27C,WH-0018,3320,162,377,715,2026-05-28,115.11
